constituency,degree_pct
Aldershot,29.943237055853483
Aldridge-Brownhills,27.151638012813017
Altrincham and Sale West,48.6556906578053
Amber Valley,24.324396389670298
Arundel and South Downs,37.44664195990656
Ashfield,20.821174951581668
Ashford,29.377525892236456
Ashton-under-Lyne,23.50253615435929
Aylesbury,34.62497271588912
Banbury,34.822087076376214
Barking,34.13632992288388
Barnsley North,22.699501612430375
Barnsley South,20.192014271965448
Barrow and Furness,27.6855744879644
Basildon and Billericay,25.552967879984394
Basingstoke,32.29839526456753
Bassetlaw,24.870719776380152
Bath,45.2584774412395
Battersea,65.22122257155601
Beaconsfield,42.60280266482886
Beckenham and Penge,48.63066438348293
Bedford,32.01835692001628
Bermondsey and Old Southwark,56.935265071354934
Bethnal Green and Stepney,46.19516735833689
Beverley and Holderness,31.66629348155368
Bexhill and Battle,29.756546914067638
Bexleyheath and Crayford,30.511914030094573
Bicester and Woodstock,38.91227601936212
Birkenhead,27.958833619210978
Birmingham Edgbaston,39.23928743379875
Birmingham Erdington,24.176587614867213
Birmingham Hall Green and Moseley,33.05676074607506
Birmingham Hodge Hill and Solihull North,20.447996820525276
Birmingham Ladywood,31.580928267154807
Birmingham Northfield,27.409935893623853
Birmingham Perry Barr,24.9058111040342
Birmingham Selly Oak,32.472649678796024
Birmingham Yardley,23.566343797409267
Bishop Auckland,25.758997211581057
Blackburn,25.411128102576168
Blackley and Middleton South,27.086742066856957
Blackpool North and Fleetwood,24.228754730220786
Blackpool South,22.115620881452855
Blaydon and Consett,29.157969827472325
Blyth and Ashington,22.58856077464365
Bognor Regis and Littlehampton,24.828580938644183
Bolsover,22.21202386415787
Bolton North East,26.459627329192546
Bolton South and Walkden,23.53394566124992
Bolton West,33.05636338457278
Bootle,23.966871998835913
Boston and Skegness,18.08478730775993
Bournemouth East,34.98169950934288
Bournemouth West,30.780941949616647
Bracknell,34.19563162224214
Bradford East,21.900021640337588
Bradford South,22.630090362167735
Bradford West,25.29413063152551
Braintree,25.847642136729004
Brent East,38.59856267606288
Brent West,38.66929990582513
Brentford and Isleworth,44.89923449461022
Brentwood and Ongar,33.141116852642355
Bridgwater,23.46483704974271
Bridlington and The Wolds,25.9123299503347
Brigg and Immingham,26.106532557465968
Brighton Kemptown and Peacehaven,34.596361393771204
Brighton Pavilion,47.73331830477908
Bristol Central,56.28918822267255
Bristol East,37.384375035123014
Bristol North East,32.01947687121543
Bristol North West,43.05755926889391
Bristol South,35.165542392677516
Broadland and Fakenham,27.40004085175918
Bromley and Biggin Hill,42.42977994735093
Bromsgrove,36.61853737931715
Broxbourne,27.766921096192753
Broxtowe,34.62161888359842
Buckingham and Bletchley,34.79517783242368
Burnley,24.598770061496925
Burton and Uttoxeter,27.490762734230668
Bury North,30.717893217893216
Bury South,33.43954810442843
Bury St Edmunds and Stowmarket,31.244229813223495
Calder Valley,35.61032432101036
Camborne and Redruth,29.201088422033195
Cambridge,55.70689364255048
Cannock Chase,22.730910060864716
Canterbury,36.338185890257556
Carlisle,27.30752072131302
Carshalton and Wallington,37.391241123579164
Castle Point,18.504500952756423
Central Devon,35.04918665209284
Central Suffolk and North Ipswich,29.860851879979922
Chatham and Aylesford,24.488547787504498
Cheadle,44.07314486718568
Chelmsford,36.166906474820145
Chelsea and Fulham,60.582823591787836
Cheltenham,44.765994298704584
Chesham and Amersham,47.31758437393467
Chester North and Neston,39.27235421436525
Chester South and Eddisbury,42.863202817698024
Chesterfield,27.43739598250571
Chichester,33.890477487291214
Chingford and Woodford Green,39.38198331872035
Chippenham,33.089466178932355
Chipping Barnet,48.63324350998592
Chorley,33.59005605654399
Christchurch,29.433842575461227
Cities of London and Westminster,62.20281462401174
City of Durham,32.78163002195198
Clacton,18.152828062435564
Clapham and Brixton Hill,60.29348342935498
Colchester,33.29317313063383
Colne Valley,37.15911629801943
Congleton,37.46085507304813
Corby and East Northamptonshire,26.88282724309487
Coventry East,26.176506070343603
Coventry North West,29.640039789946098
Coventry South,35.468625613430476
Cramlington and Killingworth,28.95416802548729
Crawley,27.544967777100897
Crewe and Nantwich,29.24671441640449
Croydon East,36.55065827132227
Croydon South,46.10118900784449
Croydon West,39.68588572919384
Dagenham and Rainham,29.853121981206638
Darlington,27.959101440515767
Dartford,32.83994872281835
Daventry,33.80757479679484
Derby North,32.622467466341426
Derby South,25.428876213697915
Derbyshire Dales,39.03093956269263
Dewsbury and Batley,22.57420771885786
Didcot and Wantage,41.64466504734749
Doncaster Central,24.44877493376541
Doncaster East and the Isle of Axholme,24.812827309756255
Doncaster North,21.02953930921892
Dorking and Horley,39.536029669203934
Dover and Deal,25.93256730292806
Droitwich and Evesham,31.908096383269672
Dudley,22.74223308233182
Dulwich and West Norwood,56.31140648936292
Dunstable and Leighton Buzzard,30.849741534529823
Ealing Central and Acton,54.9028900575095
Ealing North,39.03637568099349
Ealing Southall,38.51069602001547
Earley and Woodley,40.53259368601495
Easington,21.22049616220889
East Grinstead and Uckfield,36.31827462991322
East Ham,33.67865184422298
East Hampshire,40.06787120378594
East Surrey,37.30720400236321
East Thanet,26.573565734486753
East Wiltshire,33.12637051272575
East Worthing and Shoreham,29.778517005637973
Eastbourne,29.808215290751296
Eastleigh,34.235339109335236
Edmonton and Winchmore Hill,33.37356974762639
Ellesmere Port and Bromborough,27.14267252520031
Eltham and Chislehurst,40.03784467723734
Ely and East Cambridgeshire,37.029541753896254
Enfield North,33.80749609150004
Epping Forest,34.32358318098721
Epsom and Ewell,44.566461293044654
Erewash,24.457483231299875
Erith and Thamesmead,37.03746609130489
Esher and Walton,51.582286354024134
Exeter,34.21456766810379
Exmouth and Exeter East,35.12598310515584
Fareham and Waterlooville,29.538282978491893
Farnham and Bordon,42.85274562915538
Faversham and Mid Kent,29.03977450673348
Feltham and Heston,32.691718085310235
Filton and Bradley Stoke,37.46013470727074
Finchley and Golders Green,53.00670376549809
Folkestone and Hythe,26.69768775579364
Forest of Dean,29.310658894556052
Frome and East Somerset,32.67300370104109
Fylde,34.625947489838516
Gainsborough,29.312284338384924
Gateshead Central and Whickham,29.906994047619044
Gedling,31.546049066011488
Gillingham and Rainham,25.24551014937739
Glastonbury and Somerton,32.208014969593016
Gloucester,26.906332031500096
Godalming and Ash,44.16983685245232
Goole and Pocklington,32.183359336795284
Gorton and Denton,27.51180429687951
Gosport,26.37584989128932
Grantham and Bourne,28.27133586987305
Gravesham,26.69536627480663
Great Grimsby and Cleethorpes,19.560980137367736
Great Yarmouth,18.243692501118243
Greenwich and Woolwich,55.381356376563865
Guildford,46.11691712472575
Hackney North and Stoke Newington,48.76491812378573
Hackney South and Shoreditch,54.528146220727294
Halesowen,24.931972789115648
Halifax,26.302922024495167
Hamble Valley,35.49960262986778
Hammersmith and Chiswick,58.40365465557951
Hampstead and Highgate,64.69224456298728
"Harborough, Oadby and Wigston",35.339294728492106
Harlow,25.490285246535315
Harpenden and Berkhamsted,51.79045712379045
Harrogate and Knaresborough,40.88695693484406
Harrow East,40.68647317392524
Harrow West,45.23215228941618
Hartlepool,24.805184371903703
Harwich and North Essex,27.816367460744505
Hastings and Rye,28.643714196798026
Havant,26.70092155885323
Hayes and Harlington,32.10521454448424
Hazel Grove,33.421391752577314
Hemel Hempstead,32.96631019950793
Hendon,45.72054255339675
Henley and Thame,44.70965762356491
Hereford and South Herefordshire,30.846286270302635
Herne Bay and Sandwich,27.02214515371554
Hertford and Stortford,40.06721346149327
Hertsmere,39.24798926035398
Hexham,39.191453167689055
Heywood and Middleton North,26.356815128393624
High Peak,35.582870737509914
Hinckley and Bosworth,29.376417928750996
Hitchin,40.490960989533775
Holborn and St Pancras,51.00142590764506
Honiton and Sidmouth,32.37203335471456
Hornchurch and Upminster,29.311243096801082
Hornsey and Friern Barnet,60.19058203185037
Horsham,37.22750470687144
Houghton and Sunderland South,23.06210939392471
Hove and Portslade,46.51737469997754
Huddersfield,30.10339238808473
Huntingdon,35.000732468644706
Hyndburn,25.510081693031438
Ilford North,41.816889303865295
Ilford South,37.57727975270479
Ipswich,27.362221835883172
Isle of Wight East,26.270591773315065
Isle of Wight West,28.559709363647016
Islington North,57.5643194932535
Islington South and Finsbury,56.22049150558895
Jarrow and Gateshead East,23.604819654582716
Keighley and Ilkley,31.960065556542517
Kenilworth and Southam,43.52835629605896
Kensington and Bayswater,60.55535684687121
Kettering,28.32507321468799
Kingston and Surbiton,49.42996306802976
Kingston upon Hull East,18.606186575375965
Kingston upon Hull North and Cottingham,26.747996114971233
Kingston upon Hull West and Haltemprice,25.582287754223987
Kingswinford and South Staffordshire,30.321406101495253
Knowsley,22.601844939746186
Lancaster and Wyre,34.301248293348934
Leeds Central and Headingley,39.09142664361321
Leeds East,26.08641130870953
Leeds North East,48.153442316188894
Leeds North West,43.11532184228335
Leeds South,28.50960490675301
Leeds South West and Morley,28.24542242210087
Leeds West and Pudsey,30.855841922272674
Leicester East,23.091473569504696
Leicester South,30.79268292682927
Leicester West,26.470768978655414
Leigh and Atherton,25.248402719356083
Lewes,34.81684912782313
Lewisham East,42.627374784110536
Lewisham North,54.25873037148543
Lewisham West and East Dulwich,57.55185106088967
Leyton and Wanstead,47.19096379182941
Lichfield,34.196884703996794
Lincoln,26.90362561436
Liverpool Garston,34.379088387670734
Liverpool Riverside,31.53059917009176
Liverpool Walton,22.920039244542558
Liverpool Wavertree,36.98164513936098
Liverpool West Derby,26.27732611801596
Loughborough,32.98769317487905
Louth and Horncastle,23.823986782000194
Lowestoft,20.877821842586943
Luton North,29.95448950322413
Luton South and South Bedfordshire,29.94517521002272
Macclesfield,40.66170097848341
Maidenhead,44.57551108036545
Maidstone and Malling,31.071498126911752
Makerfield,24.684420362724335
Maldon,26.4155478900494
Manchester Central,40.669575849146625
Manchester Rusholme,36.980787630181126
Manchester Withington,54.46069137469808
Mansfield,21.91500731894328
Melksham and Devizes,34.81566730891081
Melton and Syston,30.10629536212488
Meriden and Solihull East,34.81240212965863
Mid Bedfordshire,36.892193494997116
Mid Buckinghamshire,43.13894305031526
Mid Cheshire,30.36376940364815
Mid Derbyshire,35.879859909240814
Mid Dorset and North Poole,31.36864144898654
Mid Leicestershire,32.9337196667874
Mid Norfolk,24.536156780872137
Mid Sussex,40.44075811407114
Middlesbrough and Thornaby East,24.602628500653683
Middlesbrough South and East Cleveland,27.5586389164189
Milton Keynes Central,38.7791723167586
Milton Keynes North,35.339543231253394
Mitcham and Morden,40.05041338979633
Morecambe and Lunesdale,31.803710615874408
New Forest East,29.65054012243657
New Forest West,32.7643510729966
Newark,32.65528181516224
Newbury,36.102337334175616
Newcastle upon Tyne Central and West,27.83803736725538
Newcastle upon Tyne East and Wallsend,29.997192150500734
Newcastle upon Tyne North,44.037333035265185
Newcastle-under-Lyme,28.549872320668573
Newton Abbot,30.470516501105156
Newton Aycliffe and Spennymoor,25.960254698572456
Normanton and Hemsworth,21.95729961832061
North Bedfordshire,35.81724199393975
North Cornwall,27.950129769325926
North Cotswolds,39.76183294207137
North Devon,28.539796092172175
North Dorset,30.938157017588843
North Durham,26.289380081300813
North East Cambridgeshire,19.039984911354203
North East Derbyshire,27.584019470767956
North East Hampshire,43.34583000430213
North East Hertfordshire,37.362927414517095
North East Somerset and Hanham,32.23946559650504
North Herefordshire,34.67884425505379
North Norfolk,26.72419497862541
North Northumberland,32.733501439087135
North Shropshire,29.904170027041133
North Somerset,39.57395778262047
North Warwickshire and Bedworth,23.600707449022057
North West Cambridgeshire,29.97099581050596
North West Essex,36.26737891398183
North West Hampshire,33.98736435089819
North West Leicestershire,29.7931928528624
North West Norfolk,23.487986263385658
Northampton North,27.639088403152538
Northampton South,31.476762390154157
Norwich North,26.597223916278388
Norwich South,36.257798573975045
Nottingham East,33.815811498734725
Nottingham North and Kimberley,24.16668640875601
Nottingham South,27.447993733136045
Nuneaton,25.496639283047053
Old Bexley and Sidcup,30.927445410321745
Oldham East and Saddleworth,26.808925219209655
"Oldham West, Chadderton and Royton",22.814611486486484
Orpington,37.24186343331206
Ossett and Denby Dale,31.87438308483558
Oxford East,45.252869201341525
Oxford West and Abingdon,49.71102128086059
Peckham,49.679124620605464
Pendle and Clitheroe,29.01549041480272
Penistone and Stocksbridge,30.165983468852897
Penrith and Solway,31.55002188609504
Peterborough,23.326018092807562
Plymouth Moor View,22.79325612658946
Plymouth Sutton and Devonport,30.94184715618947
"Pontefract, Castleford and Knottingley",21.552461219005743
Poole,32.28348407880065
Poplar and Limehouse,53.95754178069453
Portsmouth North,26.564934983979754
Portsmouth South,32.97869992274583
Preston,28.789712556732223
Putney,60.890001088020895
Queen's Park and Maida Vale,47.83322582536797
Rawmarsh and Conisbrough,21.269397565181045
Rayleigh and Wickford,22.89757801993389
Reading Central,45.185945221542845
Reading West and Mid Berkshire,36.032823847101696
Redcar,24.205369390554576
Redditch,27.14813059636346
Reigate,42.41484640654718
Ribble Valley,37.45175160013681
Richmond and Northallerton,35.016073493348244
Richmond Park,64.1030584126192
Rochdale,26.033130783389225
Rochester and Strood,26.949331328734072
Romford,30.892760248906132
Romsey and Southampton North,37.734344800927715
Rossendale and Darwen,30.814510941463475
Rother Valley,25.519780920982665
Rotherham,21.514582349077585
Rugby,33.46575218434515
"Ruislip, Northwood and Pinner",48.93651225484134
Runcorn and Helsby,28.77367163081449
Runnymede and Weybridge,40.94747154319836
Rushcliffe,46.23790538240871
Rutland and Stamford,37.15956281368628
Salford,37.560725900349304
Salisbury,38.43917068718216
Scarborough and Whitby,27.919790333394285
Scunthorpe,21.92025391787344
Sefton Central,35.440742962982284
Selby,30.428728826898165
Sevenoaks,37.535179415016586
Sheffield Brightside and Hillsborough,22.7579306691778
Sheffield Central,45.56669043776351
Sheffield Hallam,50.90426500819694
Sheffield Heeley,30.85435045636622
Sheffield South East,22.35391825354452
Sherwood Forest,26.47424143845744
Shipley,36.45044864404231
Shrewsbury,34.45755028917024
Sittingbourne and Sheppey,21.03805461696117
Skipton and Ripon,37.5512730273537
Sleaford and North Hykeham,29.80809005101721
Slough,34.854127870887645
Smethwick,24.814408876735854
Solihull West and Shirley,39.93991998192283
South Basildon and East Thurrock,22.272648792639913
South Cambridgeshire,49.06673485042189
South Cotswolds,39.716710266062655
South Derbyshire,31.155171292985763
South Devon,34.869864347374566
South Dorset,28.083879611464663
South East Cornwall,30.678901936386964
South Holland and The Deepings,21.34715253938914
South Leicestershire,31.527176730113194
South Norfolk,35.186954329538516
South Northamptonshire,35.09640343358002
South Ribble,33.08393554812186
South Shields,27.246693031501433
South Shropshire,33.16985028394424
South Suffolk,29.488090776328885
South West Devon,33.30510268896887
South West Hertfordshire,42.6356784552948
South West Norfolk,22.285194514413657
South West Wiltshire,28.565892441933144
Southampton Itchen,29.199035330466
Southampton Test,33.43232312039448
Southend East and Rochford,25.123518097129853
Southend West and Leigh,28.041864981836927
Southgate and Wood Green,42.83174904942966
Southport,31.245278420860238
Spelthorne,33.58364722535448
Spen Valley,27.762733048640765
St Albans,51.7247528788342
St Austell and Newquay,26.42337354640621
St Helens North,26.979793794330565
St Helens South and Whiston,27.2391741743666
St Ives,32.376080248974844
St Neots and Mid Cambridgeshire,42.24556406148003
Stafford,34.04621404264539
Staffordshire Moorlands,28.30574488802337
Stalybridge and Hyde,26.289935743693004
Stevenage,31.089703490554232
Stockport,35.38725268445989
Stockton North,25.15617915260215
Stockton West,36.78504975325621
Stoke-on-Trent Central,22.308882015024302
Stoke-on-Trent North,20.792769464432435
Stoke-on-Trent South,25.813154215072593
"Stone, Great Wyrley and Penkridge",30.73457896083952
Stourbridge,26.973961073119412
Stratford and Bow,48.437874244325855
Stratford-on-Avon,39.253693964437765
Streatham and Croydon North,48.674207305766735
Stretford and Urmston,35.671838281432635
Stroud,37.50407503071946
Suffolk Coastal,30.769617896100954
Sunderland Central,28.145601518120095
Surrey Heath,38.8181183626664
Sussex Weald,32.73855290717714
Sutton and Cheam,42.1398929452096
Sutton Coldfield,41.22118064352673
Swindon North,26.366723662961906
Swindon South,28.499282451277896
Tamworth,24.676590250200988
Tatton,44.976773727536525
Taunton and Wellington,32.89294055261584
Telford,24.096473066724784
Tewkesbury,34.976938143678524
The Wrekin,29.665098503726718
Thirsk and Malton,32.048674129383535
Thornbury and Yate,33.15207316319594
Thurrock,28.81651674433727
Tipton and Wednesbury,18.936525110449914
Tiverton and Minehead,30.659323530939886
Tonbridge,35.3307442541542
Tooting,61.77627692890657
Torbay,25.236416732258764
Torridge and Tavistock,28.503119787483783
Tottenham,41.15045460775803
Truro and Falmouth,37.213035201015344
Tunbridge Wells,41.50115855676928
Twickenham,58.23144460746641
Tynemouth,37.50143222701753
Uxbridge and South Ruislip,38.75165300185136
Vauxhall and Camberwell Green,53.28768514027231
Wakefield and Rothwell,27.102227085928494
Wallasey,27.059975084534614
Walsall and Bloxwich,23.24261518523484
Walthamstow,46.8031957720019
Warrington North,28.240449268427813
Warrington South,35.498340468517
Warwick and Leamington,44.51359544368914
Washington and Gateshead South,22.33998498848254
Watford,41.17613376087952
Waveney Valley,28.236201827783912
Weald of Kent,32.60330146789949
Wellingborough and Rushden,24.004594603549773
Wells and Mendip Hills,36.011031884837884
Welwyn Hatfield,37.32291475015963
West Bromwich,23.968795040150077
West Dorset,36.191250000000004
West Ham and Beckton,41.92580021168656
West Lancashire,29.670015373064963
West Suffolk,26.57055437431935
West Worcestershire,38.445704380484635
Westmorland and Lonsdale,36.99447767475672
Weston-super-Mare,27.289937564253652
Wetherby and Easingwold,40.9330452425496
Whitehaven and Workington,25.14806319090756
Widnes and Halewood,25.24472264766598
Wigan,26.730151311561606
Wimbledon,60.5102912097789
Winchester,46.440984290282216
Windsor,41.54581815744196
Wirral West,40.7129353842806
Witham,27.632804106482034
Witney,37.65380631142778
Woking,44.7234909196081
Wokingham,47.845159304294285
Wolverhampton North East,21.96186677691578
Wolverhampton South East,20.796970554310214
Wolverhampton West,31.605915663312988
Worcester,33.72621397782892
Worsley and Eccles,31.407589877065373
Worthing West,30.831775812192713
Wycombe,38.28972407231208
Wyre Forest,26.083511701335098
Wythenshawe and Sale East,33.4253728756773
Yeovil,27.46375143843498
York Central,38.4764316032467
York Outer,39.16495901639344
Aberafan Maesteg,23.70670205706702
Alyn and Deeside,27.437782940908768
Bangor Aberconwy,34.7366123586129
Blaenau Gwent and Rhymney,20.8546214584301
"Brecon, Radnor and Cwm Tawe",32.20496174356596
Bridgend,33.65339369968587
Caerfyrddin,33.27469950161243
Caerphilly,27.31801402495881
Cardiff East,37.13922339218809
Cardiff North,44.37843727301028
Cardiff South and Penarth,40.75775735783726
Cardiff West,40.116257679997055
Ceredigion Preseli,35.11849109291048
Clwyd East,32.81693648816936
Clwyd North,28.976305162263415
Dwyfor Meirionnydd,33.92611814990078
Gower,37.44925363812379
Llanelli,29.258129421691436
Merthyr Tydfil and Aberdare,25.400432232170424
Mid and South Pembrokeshire,30.424604359510298
Monmouthshire,39.378059535525765
Montgomeryshire and Glyndwr,28.61814905774476
Neath and Swansea East,27.26286668372881
Newport East,27.90292852754454
Newport West and Islwyn,31.165834881546512
Pontypridd,29.247887255732863
Rhondda and Ogmore,21.884692238853543
Swansea West,30.119555739134423
Torfaen,26.796959248066248
Vale of Glamorgan,34.28537938579355
Wrexham,30.17601855163992
Ynys Môn,32.27640996027788
Belfast East,37.78425515513587
Belfast North,27.301813011020265
Belfast South and Mid Down,48.193284810503144
Belfast West,23.490761289679078
East Antrim,31.61887957653286
East Londonderry,29.948677267755624
Fermanagh and South Tyrone,30.432145391288422
Foyle,31.119205211556288
Lagan Valley,36.70021931057752
Mid Ulster,29.7760015788435
Newry and Armagh,30.428931094893898
North Antrim,27.79605263157895
North Down,38.155610237449885
South Antrim,31.595374902461515
South Down,31.89039890496676
Strangford,30.061618067967355
Upper Bann,29.092911073825505
West Tyrone,28.981553484695894
East Renfrewshire,44.583446299236996
Na h-Eileanan an Iar,31.144287582878533
Midlothian,29.4780121558813
North Ayrshire and Arran,25.944551901998707
Orkney and Shetland,30.76117599677809
Aberdeen North,31.8652071259927
Aberdeen South,44.173183890259715
Aberdeenshire North and Moray East,20.875503889347748
Airdrie and Shotts,21.26198480072203
Alloa and Grangemouth,24.713435960276737
Angus and Perthshire Glens,30.588990336877288
Arbroath and Broughty Ferry,29.5242712562875
"Argyll, Bute and South Lochaber",34.10441725824465
Bathgate and Linlithgow,28.45690339541119
"Caithness, Sutherland and Easter Ross",28.632934636954687
Coatbridge and Bellshill,21.297582484802916
Cowdenbeath and Kirkcaldy,28.092623356201734
Cumbernauld and Kirkintilloch,26.40923272169637
Dumfries and Galloway,26.83134058194087
"Dumfriesshire, Clydesdale and Tweeddale",29.558257949190185
Dundee Central,31.626819702643417
Dunfermline and Dollar,31.58089691024511
East Kilbride and Strathaven,29.56796866171984
Edinburgh East and Musselburgh,43.702358982588464
Edinburgh North and Leith,55.879341329878386
Edinburgh South,53.3115870089349
Edinburgh South West,46.75938590828017
Edinburgh West,48.28481685751738
Falkirk,25.995942800960787
Glasgow East,30.57038864011877
Glasgow North,41.72401568234901
Glasgow North East,24.094142306062835
Glasgow South,40.875054868444835
Glasgow South West,30.73805057969008
Glasgow West,42.6345928130224
Glenrothes and Mid Fife,19.044067619197154
Gordon and Buchan,32.11457321212283
Hamilton and Clyde Valley,26.376107177222373
Inverclyde and Renfrewshire West,27.194530797196904
"Inverness, Skye and West Ross-shire",32.346166502138864
Livingston,26.746164908916587
Lothian East,34.828855169632504
Mid Dunbartonshire,45.51878684475229
"Moray West, Nairn and Strathspey",30.181598062953995
"Motherwell, Wishaw and Carluke",24.795002924085757
North East Fife,36.49465072372561
Paisley and Renfrewshire North,29.592311871071214
Paisley and Renfrewshire South,28.346713497240337
Perth and Kinross-shire,35.95728684538214
Rutherglen,29.187103102896383
Stirling and Strathallan,39.66510413022692
West Dunbartonshire,21.611084768979506
"Ayr, Carrick and Cumnock",26.065791027541955
"Berwickshire, Roxburgh and Selkirk",29.730027009520548
Central Ayrshire,26.75582092807678
Kilmarnock and Loudoun,24.823684706769754
West Aberdeenshire and Kincardine,38.5328782938557
