constituency,leave_vote_share
Aberafan Maesteg,61.44487994
Aberdeen North,43.94618468
Aberdeen South,34.23110343
Aberdeenshire North and Moray East,54.447208849999996
Airdrie and Shotts,39.38743527
Aldershot,57.86623568
Aldridge-Brownhills,67.89008945
Alloa and Grangemouth,44.05887449
Altrincham and Sale West,38.376966010000004
Alyn and Deeside,60.25197429
Amber Valley,65.27087243
Angus and Perthshire Glens,45.21296084
Arbroath and Broughty Ferry,36.63648697
"Argyll, Bute and South Lochaber",39.53574555
Arundel and South Downs,48.74668692
Ashfield,70.80883197
Ashford,60.86468239
Ashton-under-Lyne,62.570273119999996
Aylesbury,50.97933105
"Ayr, Carrick and Cumnock",43.487768700000004
Banbury,47.66756954
Bangor Aberconwy,47.466747129999995
Barking,59.72851377
Barnsley North,69.30873174999999
Barnsley South,71.34146921
Barrow and Furness,58.54241584
Basildon and Billericay,66.32955262
Basingstoke,55.16238319
Bassetlaw,68.85111122
Bath,33.38060317
Bathgate and Linlithgow,41.010964630000004
Battersea,22.51855167
Beaconsfield,49.71736799
Beckenham and Penge,41.65265421
Bedford,52.15699672
Bermondsey and Old Southwark,27.73368731
"Berwickshire, Roxburgh and Selkirk",43.45621517
Bethnal Green and Stepney,33.067504
Beverley and Holderness,57.744226219999994
Bexhill and Battle,58.763969800000005
Bexleyheath and Crayford,65.44312594
Bicester and Woodstock,49.04512121
Birkenhead,51.41205216
Birmingham Edgbaston,47.27241666
Birmingham Erdington,59.41414801
Birmingham Hall Green and Moseley,39.2578079
Birmingham Hodge Hill and Solihull North,59.690794270000005
Birmingham Ladywood,40.40381981
Birmingham Northfield,57.357192479999995
Birmingham Perry Barr,50.139435590000005
Birmingham Selly Oak,49.24418692
Birmingham Yardley,57.4954776
Bishop Auckland,59.50028134000001
Blackburn,55.55007483999999
Blackley and Middleton South,56.805852030000004
Blackpool North and Fleetwood,67.7646174
Blackpool South,66.91716905
Blaenau Gwent and Rhymney,63.508118970000005
Blaydon and Consett,53.68479368
Blyth and Ashington,62.934567509999994
Bognor Regis and Littlehampton,63.82915183
Bolsover,70.53381882000001
Bolton North East,58.18911751
Bolton South and Walkden,62.84305319
Bolton West,55.41830743
Bootle,54.87436107
Boston and Skegness,76.19196917
Bournemouth East,51.945944909999994
Bournemouth West,59.01659311
Bracknell,54.374023699999995
Bradford East,55.71957063000001
Bradford South,63.95759955
Bradford West,49.22600258
Braintree,60.40654867000001
"Brecon, Radnor and Cwm Tawe",52.271961190000006
Brent East,42.00911648
Brent West,41.63327746
Brentford and Isleworth,45.04862845
Brentwood and Ongar,61.04218193
Bridgend,50.575282050000006
Bridgwater,64.53837765
Bridlington and The Wolds,65.0362998
Brigg and Immingham,68.47284703999999
Brighton Kemptown and Peacehaven,42.33203377
Brighton Pavilion,27.92779803
Bristol Central,17.719959420000002
Bristol East,46.082247450000004
Bristol North East,51.22429757
Bristol North West,36.26134987
Bristol South,46.30673393
Broadland and Fakenham,54.13244302
Bromley and Biggin Hill,49.96834859
Bromsgrove,55.36512794
Broxbourne,65.32395706
Broxtowe,54.36786592
Buckingham and Bletchley,56.2486847
Burnley,66.11375256999999
Burton and Uttoxeter,64.65543581
Bury North,54.106946119999996
Bury South,53.12550621
Bury St Edmunds and Stowmarket,54.64677467
Caerfyrddin,52.06581651
Caerphilly,54.715918620000004
"Caithness, Sutherland and Easter Ross",47.92525946
Calder Valley,51.46341193
Camborne and Redruth,56.92362506999999
Cambridge,25.28214441
Cannock Chase,68.86035313
Canterbury,47.82350887
Cardiff East,43.201876309999996
Cardiff North,39.43442763
Cardiff South and Penarth,38.01899038
Cardiff West,39.25250381
Carlisle,60.480369509999996
Carshalton and Wallington,55.55776095
Castle Point,72.78954781
Central Ayrshire,43.06037233
Central Devon,51.03824615
Central Suffolk and North Ipswich,56.229007620000004
Ceredigion Preseli,47.18127044
Chatham and Aylesford,64.56673258
Cheadle,42.61665435
Chelmsford,49.89463443
Chelsea and Fulham,28.592947949999996
Cheltenham,42.50727122
Chesham and Amersham,45.1964509
Chester North and Neston,45.12792877
Chester South and Eddisbury,46.085569650000004
Chesterfield,59.188614210000004
Chichester,54.726618179999996
Chingford and Woodford Green,50.48354787
Chippenham,54.56436113000001
Chipping Barnet,42.27363726
Chorley,57.137508280000006
Christchurch,60.68963061
Cities of London and Westminster,29.74619423
City of Durham,45.79157793
Clacton,71.80705626
Clapham and Brixton Hill,16.56511072
Clwyd East,51.26994798
Clwyd North,57.03564562
Coatbridge and Bellshill,39.73402361
Colchester,51.071871879999996
Colne Valley,49.709910019999995
Congleton,51.76851716
Corby and East Northamptonshire,59.39187269
Coventry East,58.70567523
Coventry North West,58.43070618
Coventry South,49.7833653
Cowdenbeath and Kirkcaldy,39.12183154
Cramlington and Killingworth,60.32794086
Crawley,58.4136714
Crewe and Nantwich,60.67929871
Croydon East,50.75175762000001
Croydon South,43.00944797
Croydon West,44.92770856
Cumbernauld and Kirkintilloch,37.50268004
Dagenham and Rainham,70.4479635
Darlington,57.16132688
Dartford,64.00489504
Daventry,58.129092029999995
Derby North,55.62729799
Derby South,59.88979718
Derbyshire Dales,51.33334726
Dewsbury and Batley,58.154042849999996
Didcot and Wantage,47.82030916
Doncaster Central,65.63567096
Doncaster East and the Isle of Axholme,66.5071406
Doncaster North,71.50385554
Dorking and Horley,51.57090949999999
Dover and Deal,62.872230210000005
Droitwich and Evesham,59.09855865
Dudley,71.35230064
Dulwich and West Norwood,23.53292569
Dumfries and Galloway,44.8318063
"Dumfriesshire, Clydesdale and Tweeddale",44.40108277
Dundee Central,45.58568991
Dunfermline and Dollar,36.94714045
Dunstable and Leighton Buzzard,57.67855611
Dwyfor Meirionnydd,43.50987987
Ealing Central and Acton,31.5014495
Ealing North,49.20952016
Ealing Southall,39.44032859
Earley and Woodley,48.12106247
Easington,66.20861404
East Grinstead and Uckfield,48.98771871
East Ham,43.88825906
East Hampshire,47.93464344
East Kilbride and Strathaven,37.72070368
East Renfrewshire,25.68141894
East Surrey,53.14280300000001
East Thanet,63.07838185
East Wiltshire,54.707115449999996
East Worthing and Shoreham,53.82904221
Eastbourne,57.33495191
Eastleigh,52.03194262
Edinburgh East and Musselburgh,33.03839382
Edinburgh North and Leith,15.93168525
Edinburgh South,32.30695959
Edinburgh South West,24.83188904
Edinburgh West,24.635528530000002
Edmonton and Winchmore Hill,45.62548891
Ellesmere Port and Bromborough,61.79145923
Eltham and Chislehurst,48.21688632
Ely and East Cambridgeshire,49.157214700000004
Enfield North,46.85259926
Epping Forest,61.28759401
Epsom and Ewell,46.74776503
Erewash,63.167565270000004
Erith and Thamesmead,49.52986574
Esher and Walton,40.828687699999996
Exeter,44.66589428
Exmouth and Exeter East,50.475469090000004
Falkirk,42.52634978
Fareham and Waterlooville,59.247706060000006
Farnham and Bordon,43.70534956
Faversham and Mid Kent,57.50294479
Feltham and Heston,60.38028522
Filton and Bradley Stoke,49.11968639
Finchley and Golders Green,31.27079527
Folkestone and Hythe,63.49928337
Forest of Dean,57.98993613
Frome and East Somerset,52.614799950000005
Fylde,56.44144544
Gainsborough,61.8176173
Gateshead Central and Whickham,54.565705019999996
Gedling,56.66729863
Gillingham and Rainham,63.68785769
Glasgow East,38.14724052
Glasgow North,43.29332171
Glasgow North East,39.33825871
Glasgow South,23.9718109
Glasgow South West,32.10840348
Glasgow West,24.64393541
Glastonbury and Somerton,53.06653522
Glenrothes and Mid Fife,47.33449573
Gloucester,58.96904587
Godalming and Ash,46.342550249999995
Goole and Pocklington,59.988505800000006
Gordon and Buchan,45.34050556
Gorton and Denton,53.41123195
Gosport,61.862416249999995
Gower,48.32216729
Grantham and Bourne,62.25138107
Gravesham,65.37720795
Great Grimsby and Cleethorpes,69.82250768
Great Yarmouth,71.50494733000001
Greenwich and Woolwich,23.891160929999998
Guildford,40.98190305
Hackney North and Stoke Newington,20.89563021
Hackney South and Shoreditch,21.78030865
Halesowen,66.71822245999999
Halifax,60.11289896
Hamble Valley,51.01257983000001
Hamilton and Clyde Valley,36.15290081
Hammersmith and Chiswick,29.9429624
Hampstead and Highgate,21.43733488
"Harborough, Oadby and Wigston",52.20538007
Harlow,66.37172659000001
Harpenden and Berkhamsted,39.626102079999995
Harrogate and Knaresborough,47.53185772
Harrow East,49.02323956
Harrow West,43.31145972
Hartlepool,69.56832972
Harwich and North Essex,59.06924222999999
Hastings and Rye,55.76625443
Havant,61.74177201
Hayes and Harlington,57.85698775
Hazel Grove,52.31963833
Hemel Hempstead,55.84424698
Hendon,41.584473640000006
Henley and Thame,42.297104880000006
Hereford and South Herefordshire,61.068241459999996
Herne Bay and Sandwich,61.26906477
Hertford and Stortford,48.74086497
Hertsmere,51.086633299999995
Hexham,46.22939922
Heywood and Middleton North,61.664496410000005
High Peak,50.54802765
Hinckley and Bosworth,60.457987079999995
Hitchin,46.97885194
Holborn and St Pancras,27.689384280000002
Honiton and Sidmouth,55.57828483
Hornchurch and Upminster,69.10029971
Hornsey and Friern Barnet,17.44694269
Horsham,49.40733081
Houghton and Sunderland South,63.6795812
Hove and Portslade,32.12448158
Huddersfield,52.60445024
Huntingdon,51.64821084
Hyndburn,65.78573973
Ilford North,51.593239000000004
Ilford South,46.30322791
Inverclyde and Renfrewshire West,34.61553853
"Inverness, Skye and West Ross-shire",40.58346547
Ipswich,56.73647815
Isle of Wight East,62.834062180000004
Isle of Wight West,61.02541762
Islington North,23.0289778
Islington South and Finsbury,25.61062404
Jarrow and Gateshead East,64.94991768
Keighley and Ilkley,52.44276042
Kenilworth and Southam,46.34836498
Kensington and Bayswater,28.92602351
Kettering,60.72960395
Kilmarnock and Loudoun,39.44125905
Kingston and Surbiton,39.252094799999995
Kingston upon Hull East,70.94514801
Kingston upon Hull North and Cottingham,59.81034747
Kingston upon Hull West and Haltemprice,65.91712443
Kingswinford and South Staffordshire,63.54120508
Knowsley,51.894293039999994
Lancaster and Wyre,51.5673005
Leeds Central and Headingley,42.757697560000004
Leeds East,57.835402030000004
Leeds North East,35.73627803
Leeds North West,42.763580340000004
Leeds South,54.19358819
Leeds South West and Morley,59.36506824
Leeds West and Pudsey,52.68229037
Leicester East,52.37541498
Leicester South,42.40742169
Leicester West,51.56219968
Leigh and Atherton,64.48710278
Lewes,48.59010418
Lewisham East,37.60349108
Lewisham North,24.49602551
Lewisham West and East Dulwich,23.698045710000002
Leyton and Wanstead,35.62867865
Lichfield,57.781469269999995
Lincoln,57.618406099999994
Liverpool Garston,38.19269165
Liverpool Riverside,43.46503852
Liverpool Walton,52.369874949999996
Liverpool Wavertree,32.25319099
Liverpool West Derby,47.29718909
Livingston,43.03835051
Llanelli,55.64533069000001
Lothian East,34.56912799
Loughborough,50.270042569999994
Louth and Horncastle,67.89895270000001
Lowestoft,64.42700078
Luton North,59.255974290000005
Luton South and South Bedfordshire,54.13683046
Macclesfield,46.49168173
Maidenhead,46.60255796
Maidstone and Malling,56.9689094
Makerfield,65.86210685
Maldon,61.02399186
Manchester Central,44.95503193
Manchester Rusholme,32.08548083
Manchester Withington,22.31641863
Mansfield,70.81261764999999
Melksham and Devizes,49.951147410000004
Melton and Syston,59.5210451
Meriden and Solihull East,56.147967480000005
Merthyr Tydfil and Aberdare,55.47577088
Mid Bedfordshire,54.35699778000001
Mid Buckinghamshire,47.256447699999995
Mid Cheshire,56.477603759999994
Mid Derbyshire,52.27340314
Mid Dorset and North Poole,56.965429310000005
Mid Dunbartonshire,27.215522260000004
Mid Leicestershire,57.27088695
Mid Norfolk,63.20858045
Mid Sussex,45.07007214
Mid and South Pembrokeshire,58.27357809
Middlesbrough South and East Cleveland,66.03999084
Middlesbrough and Thornaby East,65.52115952000001
Midlothian,37.94096947
Milton Keynes Central,47.93936882
Milton Keynes North,50.69211505
Mitcham and Morden,48.67009976
Monmouthshire,49.55779256
Montgomeryshire and Glyndwr,58.708324850000004
"Moray West, Nairn and Strathspey",45.97660114
Morecambe and Lunesdale,52.549367270000005
"Motherwell, Wishaw and Carluke",36.11757045
Na h-Eileanan an Iar,44.76279944
Neath and Swansea East,56.28807559
New Forest East,60.588697579999995
New Forest West,54.79171248
Newark,56.00886535
Newbury,48.617904620000004
Newcastle upon Tyne Central and West,53.917761320000004
Newcastle upon Tyne East and Wallsend,55.827982399999996
Newcastle upon Tyne North,42.43508636
Newcastle-under-Lyme,61.69700258
Newport East,58.97351053999999
Newport West and Islwyn,54.28024705
Newton Abbot,55.94262433
Newton Aycliffe and Spennymoor,60.50292329
Normanton and Hemsworth,69.66531136
North Ayrshire and Arran,41.65952484
North Bedfordshire,53.136833800000005
North Cornwall,59.82372891999999
North Cotswolds,47.38678277
North Devon,57.03847943
North Dorset,56.39290938
North Durham,58.17141257
North East Cambridgeshire,71.3924676
North East Derbyshire,62.006960310000004
North East Fife,41.92625411
North East Hampshire,45.4922944
North East Hertfordshire,50.7452674
North East Somerset and Hanham,52.35713937999999
North Herefordshire,57.58387522
North Norfolk,58.348666439999995
North Northumberland,52.553539189999995
North Shropshire,60.22554933999999
North Somerset,46.80147241
North Warwickshire and Bedworth,68.03261149
North West Cambridgeshire,59.53600879
North West Essex,51.19594889
North West Hampshire,54.084107849999995
North West Leicestershire,60.82085000000001
North West Norfolk,64.94739421
Northampton North,59.083603659999994
Northampton South,57.64700108
Norwich North,56.75709164
Norwich South,40.666369200000005
Nottingham East,40.19172229
Nottingham North and Kimberley,58.50941405
Nottingham South,54.20617638
Nuneaton,64.1296592
Old Bexley and Sidcup,62.949584169999994
Oldham East and Saddleworth,58.171954449999994
"Oldham West, Chadderton and Royton",61.632642790000006
Orkney and Shetland,40.281308249999995
Orpington,56.13994613
Ossett and Denby Dale,55.88836848
Oxford East,32.08792055
Oxford West and Abingdon,36.05489867
Paisley and Renfrewshire North,35.8241096
Paisley and Renfrewshire South,36.4017689
Peckham,32.06848456
Pendle and Clitheroe,61.37443071999999
Penistone and Stocksbridge,59.331663739999996
Penrith and Solway,54.77030634
Perth and Kinross-shire,37.750993
Peterborough,61.92949032
Plymouth Moor View,65.46023138
Plymouth Sutton and Devonport,53.454459590000006
"Pontefract, Castleford and Knottingley",71.32699106
Pontypridd,50.55742013
Poole,57.009093619999994
Poplar and Limehouse,32.082883880000004
Portsmouth North,63.83346452999999
Portsmouth South,51.38667667
Preston,55.843468269999995
Putney,26.788731560000002
Queen's Park and Maida Vale,35.39652697
Rawmarsh and Conisbrough,70.49291669
Rayleigh and Wickford,68.48799456
Reading Central,36.05420518
Reading West and Mid Berkshire,49.39008164
Redcar,66.80135603000001
Redditch,61.13940542
Reigate,47.821556040000004
Rhondda and Ogmore,61.02970957
Ribble Valley,55.330862020000005
Richmond Park,27.76008566
Richmond and Northallerton,54.05923661999999
Rochdale,57.13937127999999
Rochester and Strood,63.6449378
Romford,68.04112746999999
Romsey and Southampton North,47.65036828
Rossendale and Darwen,59.190402490000004
Rother Valley,66.63027549
Rotherham,67.90627182
Rugby,58.869337990000005
"Ruislip, Northwood and Pinner",47.79650037
Runcorn and Helsby,53.74448879
Runnymede and Weybridge,50.051963470000004
Rushcliffe,41.81181883
Rutherglen,37.30974837
Rutland and Stamford,51.96109057
Salford,53.76394649
Salisbury,47.69613924
Scarborough and Whitby,61.12430312
Scunthorpe,67.65987107
Sefton Central,41.81669805
Selby,60.7427845
Sevenoaks,55.10591556
Sheffield Brightside and Hillsborough,57.63500443
Sheffield Central,29.85912249
Sheffield Hallam,35.07490557
Sheffield Heeley,51.93426712
Sheffield South East,64.80060744000001
Sherwood Forest,62.44376922
Shipley,49.82717416
Shrewsbury,53.02671539
Sittingbourne and Sheppey,66.20669528
Skipton and Ripon,52.6433007
Sleaford and North Hykeham,62.54377635
Slough,53.666557989999994
Smethwick,62.78567621
Solihull West and Shirley,52.95669153
South Basildon and East Thurrock,74.05499456
South Cambridgeshire,39.62321846
South Cotswolds,47.973755940000004
South Derbyshire,61.71827304000001
South Devon,53.325619849999995
South Dorset,60.06792212999999
South East Cornwall,55.037015180000004
South Holland and The Deepings,71.35334639
South Leicestershire,56.87867349
South Norfolk,47.79496599
South Northamptonshire,54.67408857
South Ribble,56.55770064
South Shields,60.279236940000004
South Shropshire,56.72369437
South Suffolk,54.18522139
South West Devon,54.69117758000001
South West Hertfordshire,51.06038673
South West Norfolk,66.49717998
South West Wiltshire,57.316956860000005
Southampton Itchen,59.45743445
Southampton Test,50.20249364
Southend East and Rochford,59.9540156
Southend West and Leigh,58.14194122000001
Southgate and Wood Green,36.489869829999996
Southport,48.87751094
Spelthorne,60.299599
Spen Valley,59.97342621
St Albans,37.110026340000005
St Austell and Newquay,64.78510026
St Helens North,58.271599959999996
St Helens South and Whiston,56.844808840000006
St Ives,54.74046024
St Neots and Mid Cambridgeshire,45.58121978
Stafford,56.57830556
Staffordshire Moorlands,64.8250719
Stalybridge and Hyde,57.91440327
Stevenage,57.146909140000005
Stirling and Strathallan,32.62126259
Stockport,48.20809438
Stockton North,65.81456414
Stockton West,54.787856209999994
Stoke-on-Trent Central,68.51387871
Stoke-on-Trent North,71.8958796
Stoke-on-Trent South,65.27896847
"Stone, Great Wyrley and Penkridge",62.712822779999996
Stourbridge,63.66746006
Stratford and Bow,39.37477318
Stratford-on-Avon,50.69437004
Streatham and Croydon North,34.10506084
Stretford and Urmston,48.98070161
Stroud,47.31165724
Suffolk Coastal,53.630286819999995
Sunderland Central,58.48951503999999
Surrey Heath,50.975086319999996
Sussex Weald,54.28223079
Sutton Coldfield,46.46082911
Sutton and Cheam,51.90048665
Swansea West,52.20108455
Swindon North,57.43294043
Swindon South,53.08079241
Tamworth,65.67618491
Tatton,44.01539551
Taunton and Wellington,53.70399963
Telford,66.26080522
Tewkesbury,53.2797054
The Wrekin,59.78646288
Thirsk and Malton,58.107969690000004
Thornbury and Yate,51.28843955
Thurrock,69.67085738
Tipton and Wednesbury,70.76024659
Tiverton and Minehead,56.474215019999995
Tonbridge,53.100734689999996
Tooting,25.47061651
Torbay,62.49771878
Torfaen,59.78107345
Torridge and Tavistock,58.43721248
Tottenham,33.97248814
Truro and Falmouth,46.899054039999996
Tunbridge Wells,44.57483913
Twickenham,32.30591907
Tynemouth,46.690054429999996
Uxbridge and South Ruislip,57.84509768
Vale of Glamorgan,52.87268889
Vauxhall and Camberwell Green,24.18874643
Wakefield and Rothwell,61.737325580000004
Wallasey,53.09346215
Walsall and Bloxwich,64.95343466
Walthamstow,35.945674
Warrington North,57.78511012999999
Warrington South,52.70555143
Warwick and Leamington,41.94017686
Washington and Gateshead South,63.2502046
Watford,50.46187406
Waveney Valley,55.63442901
Weald of Kent,56.01786187
Wellingborough and Rushden,64.84442457
Wells and Mendip Hills,48.43837574
Welwyn Hatfield,52.75240158
West Aberdeenshire and Kincardine,39.08426693
West Bromwich,67.83872418
West Dorset,50.19573064
West Dunbartonshire,38.4407824
West Ham and Beckton,52.001638549999996
West Lancashire,54.638695010000006
West Suffolk,63.03821208
West Worcestershire,52.56765387
Westmorland and Lonsdale,48.84229748
Weston-super-Mare,59.71777668
Wetherby and Easingwold,48.03285844
Whitehaven and Workington,63.14093999
Widnes and Halewood,54.348649800000004
Wigan,61.60672674999999
Wimbledon,29.324354969999998
Winchester,39.67420983
Windsor,48.63430455
Wirral West,39.82206441
Witham,60.35539407
Witney,46.98977625
Woking,43.84926025
Wokingham,40.94886411
Wolverhampton North East,69.7011945
Wolverhampton South East,69.86529474999999
Wolverhampton West,55.649261429999996
Worcester,53.67724331
Worsley and Eccles,59.952242749999996
Worthing West,54.7668283
Wrexham,57.19795758
Wycombe,48.15614659
Wyre Forest,63.14547474
Wythenshawe and Sale East,47.68320169
Yeovil,59.5844904
Ynys Mon,50.942004159999996
York Central,39.17123087
York Outer,44.468741820000005
