constituency,reform_vote_share,is_scotland,leave_vote_share,degree_pct,median_age,median_weekly_wage,claimant_rate,foreign_born_pct,population_density,ethnic_minority_pct,deprivation_score
Aberafan Maesteg,20.93133827436722,0,61.44487994,23.70670205706702,42.0,672.9,3.9,3.3811771,372.567563238945,3.104560700000003,32.41395123414253
Aberdeen North,8.982064378192185,1,43.94618468,31.8652071259927,39.0,740.3,4.0,19.1740887,1095.146635919573,12.390795500000095,17.02815770163101
Aberdeen South,6.902578487431223,1,34.23110343,44.17318389025972,37.0,801.8,2.9000000000000004,22.9605917,1160.0911293955587,14.4832901,12.84540967748369
Aberdeenshire North and Moray East,14.564784749135857,1,54.44720885,20.875503889347748,46.0,687.4,2.7,7.2325461,72.27964557160736,1.8528957000000013,17.124976698196903
Airdrie and Shotts,8.102874597719959,1,39.38743527,21.26198480072203,42.0,761.5,3.3000000000000003,4.513913,392.7656244579761,3.3791456,27.06766671274423
Aldershot,16.912491760052735,0,57.86623568,29.943237055853483,38.0,742.5,2.7,22.1781303,2181.09419126208,20.665959300000004,14.609124292573023
Aldridge-Brownhills,24.205612045365665,0,67.89008945,27.151638012813017,44.0,723.2,3.1,6.3352523,1764.1088300760105,14.6361148,17.836618665373347
Alloa and Grangemouth,9.23278561199971,1,44.05887449,24.713435960276737,44.0,767.4,3.0,5.3752968,515.4356859690924,3.100591799999997,21.14260639908052
Altrincham and Sale West,9.641996423851356,0,38.37696601,48.6556906578053,42.0,953.3,2.0,14.5894052,2005.182086339269,19.438614200000004,10.735791230291172
Alyn and Deeside,22.12619837758112,0,60.25197429,27.437782940908768,43.0,763.3,2.9000000000000004,7.8039105,499.919166286458,2.735257400000002,17.093606753456097
Amber Valley,28.666149396910487,0,65.27087243,24.324396389670294,44.0,730.4,3.0,3.5630601,746.9447463284437,2.3160357000000964,20.779518047229985
Angus and Perthshire Glens,6.855622201571344,1,45.21296084,30.588990336877288,50.0,723.1,2.8000000000000003,6.5904902000000005,18.028088887431817,2.050955700000001,15.284064089846565
Arbroath and Broughty Ferry,8.613459664075073,1,36.63648697,29.5242712562875,46.0,699.9,3.1,6.2560619,240.8818310248365,3.2314018,19.9409110282809
"Argyll, Bute and South Lochaber",6.7874816102715,1,39.53574555,34.10441725824465,51.0,724.1,2.7,6.482336,10.079301377112987,2.2808056999999997,17.093477832585283
Arundel and South Downs,13.502009499451956,0,48.74668692,37.44664195990656,52.0,729.7,2.4,8.0499095,118.55266338848784,3.2137144000000006,12.11839798519238
Ashfield,42.78120455343262,0,70.80883197,20.821174951581668,42.0,669.2,3.9,5.9718512,983.6992995415998,4.2611940000000015,27.39154572773205
Ashford,21.588078765300693,0,60.86468239,29.377525892236456,39.0,752.1,3.3000000000000003,15.241516100000002,498.0694535697168,13.9847657,18.18578717679544
Ashton-under-Lyne,24.77087504582499,0,62.57027312,23.50253615435929,38.0,692.4,5.7,14.6074209,3587.6288076985743,20.505165800000004,34.33433660641376
Aylesbury,13.508209851822189,0,50.97933105,34.62497271588912,39.0,741.9,4.1000000000000005,18.2251108,591.9091056883733,21.5297359,13.197098778388815
"Ayr, Carrick and Cumnock",8.657416454954074,1,43.4877687,26.065791027541955,48.0,789.6,3.9,3.9842671,55.3349908120819,2.1545531000000007,25.10423057475246
Banbury,13.04329777076674,0,47.66756954,34.822087076376214,41.0,755.0,2.7,15.9870507,209.1124289358716,10.294710600000002,15.606942861521173
Bangor Aberconwy,14.620739318290926,0,47.46674713,34.7366123586129,45.0,680.2,3.2,7.1832131,65.72835444415543,4.765666300000005,17.622182137225415
Barking,14.181539052005371,0,59.72851377,34.13632992288388,32.0,801.9,7.7,43.3585582,6986.071709584584,57.7157901,33.475616205603615
Barnsley North,29.27034206103973,0,69.30873174999999,22.69950161243037,41.0,732.0,3.5000000000000004,6.6959222,1433.7264549932431,3.226732500000096,30.634327368473183
Barnsley South,33.210763354426774,0,71.34146921,20.192014271965448,40.0,700.5,3.9,7.2458924,1427.092737461307,3.2146288000000967,35.14056349165108
Barrow and Furness,16.66232443570735,0,58.54241584,27.6855744879644,45.0,836.7,2.6,3.8009871,135.56542380429386,2.621542499999996,26.909104718466857
Basildon and Billericay,26.95375557876745,0,66.32955262,25.552967879984397,38.0,794.9,4.3,12.1308335,1800.0241754870713,12.791576199999998,23.82405164761757
Basingstoke,12.888607646614544,0,55.16238319,32.29839526456753,39.0,811.7,3.1,17.7932023,1463.947429253402,14.404119300000096,15.00666754045015
Bassetlaw,21.7277953562993,0,68.85111122,24.870719776380152,43.0,697.2,3.3000000000000003,7.1724523,277.8903902095836,3.7263409000000025,23.40962832591565
Bath,7.891128194473302,0,33.38060317,45.2584774412395,35.0,836.8,2.0,17.4431748,1449.6162967141956,11.508350099999998,11.672172671813936
Bathgate and Linlithgow,8.377510994888862,1,41.01096463,28.45690339541119,42.0,769.2,2.7,7.6927228,434.14875328970055,3.497591,18.60932458658359
Battersea,6.000169916316215,0,22.51855167,65.22122257155601,32.0,1016.2,3.8,39.764085400000006,11761.197809747056,32.0997203,17.01959164570392
Beaconsfield,12.687004986799648,0,49.71736799,42.60280266482886,44.0,954.3,2.6,15.9792714,599.6149487857958,20.4092209,8.881501963961561
Beckenham and Penge,10.254298954463636,0,41.65265421,48.63066438348293,40.0,966.7,3.8,23.3389733,4772.715215860734,27.2097352,13.994548520908785
Bedford,11.185715339777172,0,52.15699672,32.01835692001628,38.0,702.1,6.0,28.1095747,3851.751959187581,30.7012359,22.92099868345788
Bermondsey and Old Southwark,9.033853681887084,0,27.73368731,56.93526507135493,32.0,1025.2,4.8,45.4769201,11825.0977408521,44.0112647,24.257412221864712
"Berwickshire, Roxburgh and Selkirk",7.173847673869153,1,43.45621517,29.730027009520548,50.0,710.8,3.2,5.8155027,25.159477739713036,1.9327780000000017,16.867223958133195
Bethnal Green and Stepney,4.210345788582331,0,33.067504,46.19516735833689,29.0,918.9,7.6,46.4071794,19757.691104896883,64.27233700000001,30.107252634945453
Beverley and Holderness,18.25957190903624,0,57.74422622,31.66629348155368,51.0,798.8,2.3,3.881398,120.63682603609696,2.2100350999999963,15.27290544431721
Bexhill and Battle,16.60523560209424,0,58.763969800000005,29.75654691406764,53.0,731.3,3.2,7.3177828,197.4200775626681,4.373251099999997,18.309708491355703
Bexleyheath and Crayford,22.68930765513909,0,65.44312594,30.511914030094573,39.0,895.3,3.5000000000000004,19.2863747,4467.839499753457,26.81910790000001,17.25273910617934
Bicester and Woodstock,10.768832513590471,0,49.04512121,38.91227601936212,41.0,862.4,1.9,16.386584199999998,237.6414352202699,10.622522300000004,10.614955296513108
Birkenhead,14.239347150739556,0,51.41205216,27.958833619210974,40.0,660.8,4.9,7.0368873,3111.141297372823,6.460358200000005,39.606425867623706
Birmingham Edgbaston,11.657048199209148,0,47.27241666,39.23928743379875,35.0,699.3,9.2,28.8823226,3723.250113281986,45.7736893,32.48623948847123
Birmingham Erdington,22.717286229018367,0,59.41414801,24.176587614867213,36.0,674.1,10.6,21.3656967,5012.028252396728,36.92312880000001,42.36958603350696
Birmingham Hall Green and Moseley,5.54006633658607,0,39.2578079,33.05676074607506,33.0,657.2,11.4,32.07205999999999,6227.153783538028,70.401278,38.454657278974025
Birmingham Hodge Hill and Solihull North,18.91258495430045,0,59.690794270000005,20.44799682052528,33.0,658.0,10.6,21.6132501,5087.190233312344,50.3372818,45.56298935604408
Birmingham Ladywood,4.0378359167828535,0,40.40381981,31.580928267154807,27.0,709.9,12.7,43.5116077,6498.837358330887,77.6735213,48.61403681127604
Birmingham Northfield,20.96834165515776,0,57.35719248,27.409935893623853,37.0,720.7,7.6,13.3338355,4388.092317204195,22.167617900000003,39.12389118568155
Birmingham Perry Barr,6.526843846728573,0,50.139435590000005,24.9058111040342,32.0,656.6,15.6,38.0267797,5072.442511633888,78.9748625,42.13629881351289
Birmingham Selly Oak,14.91814798428025,0,49.24418692,32.472649678796024,33.0,731.2,6.5,17.6426497,5067.638325597891,31.130117,30.98721616702017
Birmingham Yardley,14.002324037184597,0,57.4954776,23.566343797409267,33.0,697.2,11.4,26.8162702,5942.503760107463,55.9149852,41.401979767558295
Bishop Auckland,23.41504440101912,0,59.50028134000001,25.758997211581057,47.0,627.2,3.3000000000000003,3.099869,70.91116641227352,1.9668084000000972,28.91840935331197
Blackburn,12.456605035101704,0,55.55007483999999,25.411128102576168,34.0,648.3,6.6000000000000005,22.8576955,3004.987985960784,52.1763471000001,38.673179141288685
Blackley and Middleton South,21.10402042118698,0,56.80585203,27.08674206685696,35.0,667.7,7.399999999999999,26.9019624,4022.04576752735,36.6992965,43.64089776385551
Blackpool North and Fleetwood,23.709638842382205,0,67.7646174,24.228754730220786,49.0,699.4,3.8,4.198067099999999,1884.669917635236,2.7241295000000054,27.183355708438032
Blackpool South,28.61853325753269,0,66.91716905,22.115620881452852,41.0,646.9,7.000000000000001,8.804447600000001,3473.2618447422856,5.972767900000098,50.48049289655109
Blaydon and Consett,23.70428273640326,0,53.68479368,29.157969827472325,44.0,724.8,3.1,3.4646410000000003,826.6752177127543,2.197101400000001,21.137878886214896
Blyth and Ashington,26.87309720056434,0,62.93456751,22.58856077464365,42.0,699.9,4.2,3.125849,1189.483662346348,2.518330800000001,33.09452271145912
Bognor Regis and Littlehampton,21.45649946682836,0,63.82915183,24.828580938644183,48.0,677.3,4.2,12.0795526,2248.670434564137,4.5031245,21.18346472805108
Bolsover,21.518122260451523,0,70.53381882000001,22.21202386415787,43.0,678.9,3.0,5.1914311,460.4422981988479,2.618776199999995,24.543053181778028
Bolton North East,21.74404391245185,0,58.18911751,26.459627329192543,38.0,672.5,6.1,15.2434424,2897.225345871298,24.4895451,33.8349559995577
Bolton South and Walkden,22.61034389385324,0,62.84305319,23.53394566124992,34.0,647.7,6.800000000000001,22.8185788,3889.414306504661,35.4058544,40.49543536543979
Bolton West,19.09726893582672,0,55.41830743,33.05636338457278,41.0,763.8,3.6,9.9547504,1325.2682397620188,16.9317178,20.813205092021512
Bootle,12.20679012345679,0,54.87436107,23.966871998835916,40.0,682.2,5.6000000000000005,6.507113,3740.3180195971904,4.631063899999999,41.758991887615664
Boston and Skegness,38.36361389197874,0,76.19196917,18.08478730775993,47.0,606.3,4.9,16.2506913,131.72884803576846,4.266287899999998,29.67008998507781
Bournemouth East,13.956802493876642,0,51.94594491,34.98169950934288,41.0,716.3,4.1000000000000005,21.247917,4109.110260431081,11.936967,21.47393311822453
Bournemouth West,16.86285453346187,0,59.01659311,30.780941949616647,36.0,693.7,3.8,19.4977735,4225.601167315474,11.509046900000095,21.775737111808105
Bracknell,16.98337021237767,0,54.3740237,34.19563162224214,39.0,853.6,2.8000000000000003,17.7367968,2245.171794732063,14.339752400000004,11.218521281535365
Bradford East,13.3061049011178,0,55.71957063000001,21.900021640337588,32.0,622.4,10.0,25.4259002,4493.655118067651,54.2969275,44.63252375540858
Bradford South,22.51982325525089,0,63.95759955,22.63009036216773,36.0,636.6,7.399999999999999,14.482959299999996,2542.875771702178,29.5961048,39.72514469694602
Bradford West,7.9771311453304925,0,49.22600258,25.29413063152551,31.0,639.5,10.7,32.488677700000004,3605.2387853498312,70.4684602,42.20331413722772
Braintree,23.141878110467488,0,60.40654867000001,25.847642136729004,43.0,831.0,2.6,7.4642337,210.06688281006515,5.052161,14.428203053420663
"Brecon, Radnor and Cwm Tawe",14.108017530291312,0,52.271961190000006,32.20496174356596,50.0,666.2,3.0,4.4123746,29.856706241107396,2.579999300000002,18.476658327660413
Brent East,5.354214062748003,0,42.00911648,38.59856267606288,35.0,791.0,9.5,53.4147615,7518.600541743076,62.0132468,29.381706084245504
Brent West,4.981148491879351,0,41.63327746,38.66929990582513,33.0,772.1,5.5,62.2243726,7745.360768180202,74.40376429999999,21.38803068691296
Brentford and Isleworth,8.706412692800637,0,45.04862845,44.89923449461022,37.0,842.1,5.3,49.27863919999999,5734.3933195726,54.5530966,20.591035993020306
Brentwood and Ongar,24.313084498882727,0,61.04218193,33.141116852642355,42.0,955.5,2.6,10.111394,318.3465373053061,10.404043799999997,11.609344796314806
Bridgend,19.144873592110983,0,50.575282050000006,33.65339369968587,44.0,799.2,2.5,5.290540200000001,784.3282825017376,3.9207353,17.701744192340097
Bridgwater,22.210869944429216,0,64.53837765,23.46483704974271,43.0,688.9,2.9000000000000004,9.4378607,306.59612391398895,3.7368575000000015,23.4722255154512
Bridlington and The Wolds,24.105084193120152,0,65.0362998,25.9123299503347,52.0,671.8,3.3000000000000003,3.653691400000001,100.06786657564876,1.9308851000000016,22.73967133681125
Brigg and Immingham,24.922367554342717,0,68.47284703999999,26.106532557465968,48.0,805.1,2.3,4.4459363000000005,184.2021187682575,2.8358748000000045,16.31105276731028
Brighton Pavilion,5.416038042128984,0,27.92779803,47.73331830477908,34.0,752.7,4.0,19.8811198,3643.364644844089,14.666266800000006,17.914307940952774
Bristol Central,3.085437564856451,0,17.719959420000002,56.28918822267255,27.0,821.8,2.5,24.3371216,9251.18035154166,21.842929600000005,18.75398743901756
Bristol North East,12.903379456524329,0,51.22429757,32.01947687121543,36.0,739.1,3.9,16.9969887,4784.686669158517,21.1827975,24.223274201493183
Bristol North West,10.034252228458238,0,36.26134987,43.05755926889391,36.0,717.8,3.1,16.9625518,673.9973694243546,14.372886200000002,21.239602463512902
Bristol South,14.273206921180565,0,46.30673393,35.16554239267752,34.0,775.2,3.8,12.5924825,4819.093772462437,9.9100352,33.80886350587382
Broadland and Fakenham,17.89227071678145,0,54.13244302,27.40004085175918,49.0,696.3,2.2,4.698003000000001,134.7221845771661,2.6874637000000035,14.104166880208387
Bromley and Biggin Hill,17.532273232452766,0,49.96834859,42.42977994735093,42.0,1018.9,3.3000000000000003,19.3454818,2134.54030042698,21.7950164,11.959708419704912
Bromsgrove,19.01398670766789,0,55.36512794,36.61853737931715,45.0,843.2,2.6,4.8408975,468.6539378371466,6.930627499999997,11.68277928735195
Broxbourne,20.44607934438443,0,65.32395706,27.766921096192757,40.0,912.9,3.2,17.007006099999998,1284.531061074687,17.773452,17.425601448732827
Broxtowe,17.563443287762865,0,54.36786592,34.62161888359842,41.0,725.0,3.0,10.6712689,1613.2017727551597,10.976655400000002,14.616045907553092
Buckingham and Bletchley,15.67557356058857,0,56.2486847,34.79517783242368,40.0,849.0,3.5000000000000004,18.1528517,279.60867262638214,19.824894400000005,16.621210456651223
Burnley,19.52466074171052,0,66.11375256999999,24.598770061496925,38.0,668.0,6.2,14.2993129,960.4371397329736,22.402807300000006,38.245489167433085
Burton and Uttoxeter,21.06428211366077,0,64.65543581,27.490762734230668,40.0,736.8,3.8,14.9939572,484.9676205774744,14.780516099999996,20.197566253179488
Bury North,16.223637961335676,0,54.10694612,30.717893217893216,41.0,692.6,4.8,11.911337,1816.4044196414643,17.7581674,23.754124687200136
Bury South,16.262377410337802,0,53.12550621,33.43954810442843,37.0,770.8,4.1000000000000005,14.4795838,2475.793654302447,17.064044199999994,26.589447677382086
Bury St Edmunds and Stowmarket,16.888373646670466,0,54.64677467,31.24422981322349,43.0,790.7,2.3,10.1351005,270.08365828616223,5.2162029,13.57412944267736
Caerfyrddin,15.22673449697395,0,52.06581651,33.27469950161243,49.0,760.0,2.7,4.786258699999999,46.73174021198952,2.848312399999997,19.864707797339083
Caerphilly,20.28037872051054,0,54.71591862,27.31801402495881,42.0,712.7,3.3000000000000003,3.1910102,689.9106003775937,2.486181600000004,23.63830031342279
"Caithness, Sutherland and Easter Ross",7.296733842946491,1,47.92525946,28.632934636954687,50.0,784.0,2.2,5.4916204,8.13835384534658,1.9184877000000045,18.60689475352951
Calder Valley,15.40880503144654,0,51.46341193,35.61032432101036,46.0,730.7,3.0,4.3846457,329.22414063194464,5.029779499999998,20.056333463536937
Camborne and Redruth,18.7339123155802,0,56.92362506999999,29.201088422033195,44.0,671.8,3.5000000000000004,4.9909183,370.7799078569244,3.1323627999999992,26.13139349662077
Cannock Chase,26.93641887644635,0,68.86035313,22.73091006086472,42.0,726.2,3.2,3.5840784,1319.6621597851895,3.3744243000000007,20.45915396677319
Canterbury,14.407910059071371,0,47.82350887,36.33818589025756,38.0,751.8,3.4000000000000004,16.0484672,453.481392791261,13.5573787,15.651744249287884
Cardiff East,12.729085192853308,0,43.20187631,37.13922339218809,33.0,681.0,4.6,18.4278747,3493.763460357105,22.6747524,27.48254638294296
Cardiff North,12.60716617866998,0,39.43442763,44.37843727301028,40.0,796.6,2.4,10.065111900000002,1981.359508813811,12.239764800000096,13.77855381272033
Cardiff South and Penarth,11.468756381458036,0,38.01899038,40.75775735783726,31.0,666.8,3.7,20.447766,1864.2422182213977,24.416409100000003,21.45509458326992
Cardiff West,12.57010076636057,0,39.25250381,40.116257679997055,38.0,747.4,4.1000000000000005,11.7063714,1709.3627217766968,16.060611999999995,25.18653268873632
Carlisle,20.21575066878357,0,60.48036951,27.30752072131302,43.0,705.8,2.6,6.9430768,117.06084277367952,3.289227299999997,22.15249197003674
Carshalton and Wallington,12.729805013927576,0,55.55776095,37.39124112357917,39.0,862.0,3.9,24.7448305,4198.724236414198,31.3681698,17.19403215279511
Castle Point,30.1085324736052,0,72.78954781,18.504500952756423,46.0,808.2,2.6,4.8242253,1207.670007122662,5.185109400000099,17.358889350003686
Central Ayrshire,8.257080084019412,1,43.06037233,26.75582092807678,48.0,827.2,3.4000000000000004,3.516719,366.8978893515638,2.2390766000000006,22.878644900176084
Central Devon,14.568049109148076,0,51.03824615,35.04918665209284,50.0,691.8,2.3,5.712549800000001,70.62415704336928,2.2251325000000044,16.269599812568558
Central Suffolk and North Ipswich,18.96904551623118,0,56.22900762,29.86085187997992,46.0,794.7,2.0,7.788309499999999,176.11610964274797,6.7030625000000015,13.988232288519274
Ceredigion Preseli,11.606410090276878,0,47.18127044,35.11849109291048,48.0,695.7,2.9000000000000004,6.4347491,38.61896095548793,3.285096099999996,18.4328164030476
Chatham and Aylesford,24.45586975149957,0,64.56673258,24.488547787504498,38.0,733.6,4.1000000000000005,13.014847,1942.7549470087536,14.221747699999998,24.27524820343721
Cheadle,10.149612662868858,0,42.61665435,44.07314486718568,44.0,813.0,1.9,11.1161646,2509.073279745157,17.3629637,12.284708635627917
Chelmsford,13.317296316744224,0,49.89463443,36.16690647482015,39.0,893.7,3.0,15.2071537,3337.777021349491,14.8347138,12.404147600540725
Chelsea and Fulham,6.672892435690636,0,28.59294795,60.58282359178784,35.0,991.5,3.6,46.493553,11955.016381234596,29.588849399999997,17.848272192592592
Chesham and Amersham,9.751170691396569,0,45.1964509,47.31758437393467,44.0,890.0,2.3,15.8103203,698.9738608067174,18.0044156,6.822873114401292
Chester North and Neston,13.133753971450307,0,45.12792877,39.27235421436525,41.0,732.1,2.9000000000000004,10.3321476,849.456949942422,6.723639699999994,17.09540580941752
Chester South and Eddisbury,12.2204016309111,0,46.08556965,42.86320281769802,48.0,947.7,1.7999999999999998,6.0777247,130.14735314047385,3.8994335000000047,12.659885383986843
Chesterfield,19.003729996390327,0,59.18861421,27.43739598250571,44.0,717.4,3.6,5.0748004,2020.9116346153571,4.646160899999996,24.45295925902417
Chichester,15.128881359847536,0,54.72661818,33.890477487291214,46.0,690.5,3.7,10.4854716,345.6855222418395,5.033371799999998,15.04588534957483
Chingford and Woodford Green,7.530095646437995,0,50.48354787,39.38198331872035,40.0,900.2,5.0,27.5110633,4829.921243014252,37.139132200000006,18.22534646024967
Chippenham,12.374777831636775,0,54.56436113000001,33.089466178932355,42.0,773.1,2.2,9.3473849,370.01191522649873,5.859504199999998,13.03299804039944
Chipping Barnet,7.837354253917694,0,42.27363726,48.63324350998592,41.0,935.6,4.1000000000000005,33.9802565,2887.6141685246416,36.6300867000001,13.557132750215311
Christchurch,18.93102355550861,0,60.68963061,29.433842575461227,55.0,758.9,2.6,6.7821362,771.373652886216,3.1316114000000006,11.89308562295372
Cities of London and Westminster,7.017722810149178,0,29.74619423,62.20281462401174,35.0,1065.9,3.2,56.74142520000001,6757.059718681118,39.9712984,16.884296404248282
City of Durham,18.150491052748173,0,45.79157793,32.78163002195198,38.0,757.9,2.3,9.391037099999998,479.7819753060437,7.725842100000002,18.74230964696754
Clacton,46.18347186561643,0,71.80705626,18.152828062435564,52.0,683.7,4.9,5.1134520000000006,476.3198426856251,3.905724799999999,34.25831698031111
Clapham and Brixton Hill,4.113146627360146,0,16.56511072,60.29348342935498,31.0,960.5,5.6000000000000005,36.9855766,13618.349763553791,41.3308339,25.08813807620818
Clwyd East,15.94663543975576,0,51.26994798,32.81693648816936,49.0,723.3,2.8000000000000003,4.0229925,143.02747585150178,2.1766037000000016,17.379350435242106
Clwyd North,16.816008840416075,0,57.03564562,28.97630516226341,46.0,711.7,4.8,5.1769698,592.9008674991792,4.075903000000003,26.58938916586071
Coatbridge and Bellshill,6.715550850739717,1,39.73402361,21.29758248480292,42.0,764.8,3.5000000000000004,4.3299233,1403.3221718921925,3.629000800000004,28.326265648296875
Colchester,14.84087922855934,0,51.07187188,33.29317313063383,36.0,778.0,3.6,18.4762954,2838.287992331104,16.462760600000003,19.286394023395424
Colne Valley,15.789359814802795,0,49.70991002,37.15911629801943,44.0,766.6,2.8000000000000003,5.5210235,553.2412081117202,9.323004,16.768382128777922
Congleton,16.448877805486283,0,51.76851716,37.46085507304813,46.0,785.3,1.7999999999999998,4.2750575,457.0559221040922,3.201319700000005,12.343890300150656
Corby and East Northamptonshire,17.665208009840892,0,59.39187269,26.88282724309487,40.0,740.3,3.1,16.7414038,231.83391976404968,6.835035700000002,20.211990971491645
Coventry East,18.060733776408927,0,58.70567523,26.176506070343603,35.0,707.2,7.1,30.5736538,4354.552388751567,38.8402293,33.84986203318744
Coventry North West,18.915060670949323,0,58.43070618,29.640039789946098,37.0,766.5,5.1,21.5215001,2899.215007424146,25.0340239,22.50910199925184
Coventry South,13.365004329409562,0,49.7833653,35.46862561343048,30.0,759.4,4.8,30.967633100000004,4211.57055265443,38.6440552,21.94515265045297
Cowdenbeath and Kirkcaldy,7.664036850100456,1,39.12183154,28.09262335620173,45.0,741.5,4.1000000000000005,8.1146521,622.1567322716661,3.9736672999999945,20.512917320024684
Cramlington and Killingworth,20.826540952548797,0,60.32794086,28.95416802548729,43.0,727.7,2.8000000000000003,3.7975234,1021.33808296102,3.573961800000003,20.40104462957733
Crawley,18.507076815214056,0,58.4136714,27.544967777100897,37.0,762.4,4.5,26.7973253,2759.088430384514,26.628827600000005,18.96680220444982
Crewe and Nantwich,20.344513422463294,0,60.67929871,29.24671441640449,40.0,691.6,3.0,13.5786443,1305.5320337880642,7.0973928000000015,20.089755082135987
Croydon East,13.389981497978482,0,50.75175762000001,36.55065827132227,38.0,788.0,5.800000000000001,28.6327007,4237.87342501473,44.766492,22.512995417911057
Croydon South,8.402527441370651,0,43.00944797,46.10118900784449,40.0,924.4,4.2,25.7840561,2812.283615948486,37.166487800000006,14.393344970219868
Croydon West,5.634541734431562,0,44.92770856,39.68588572919384,34.0,807.2,8.1,45.4066163,9116.121113218833,66.70368859999999,29.616077283372366
Cumbernauld and Kirkintilloch,7.7289144865287,1,37.50268004,26.40923272169637,43.0,789.5,2.7,4.3525109,637.3868260869336,3.8123106000000018,18.98079592482565
Dagenham and Rainham,24.179895541204623,0,70.4479635,29.85312198120664,35.0,733.5,6.6000000000000005,31.6846364,3049.17653399474,41.9902017000001,26.70482968906206
Darlington,16.168766812968993,0,57.16132688,27.959101440515767,42.0,684.0,4.0,8.2372391,893.7231380597386,5.902535399999998,27.07701932455872
Dartford,21.40577234310376,0,64.00489504,32.83994872281835,36.0,800.3,3.1,20.616781,1791.0558139147524,26.685716000000003,19.677732590113813
Daventry,20.0369240043706,0,58.12909203,33.80757479679484,44.0,767.2,2.4,9.1552546,139.908838454058,5.725854100000005,12.9631350806638
Derby North,18.299567438109435,0,55.62729799,32.622467466341426,37.0,761.8,4.4,15.5899636,3699.9018708368894,19.8060946,23.09675188971136
Derby South,22.730554292895533,0,59.88979718,25.428876213697915,35.0,675.3,6.9,27.640266800000003,4016.837347595797,38.5156686,35.14526765748452
Derbyshire Dales,15.072554220627245,0,51.33334726,39.03093956269263,51.0,812.3,1.9,3.8901875,100.68136516936084,2.7134942999999967,11.549952031540904
Dewsbury and Batley,16.159705805095875,0,58.15404285,22.57420771885786,35.0,636.8,7.000000000000001,19.0843878,1969.1570298069364,48.7858773,32.850228386460216
Didcot and Wantage,11.69312845997844,0,47.82030916,41.64466504734749,39.0,907.8,2.1,12.7093077,287.57737819158444,7.591782800000002,9.679196707227105
Doncaster Central,20.78325954037529,0,65.63567096,24.44877493376541,39.0,667.7,5.5,18.3444429,1060.4510227146106,12.471798899999998,30.297019961816584
Doncaster East and the Isle of Axholme,21.68813247470101,0,66.5071406,24.81282730975625,44.0,764.2,3.0,5.5598502000000005,229.08710225810927,3.884684700000096,22.082693371319632
Dorking and Horley,13.805663964775343,0,51.57090949999999,39.536029669203934,45.0,935.8,2.0,12.538632500000002,346.94209812802126,8.306578400000097,10.802916951399594
Dover and Deal,23.767660910518053,0,62.872230210000005,25.93256730292806,45.0,782.0,3.7,8.688684899999998,478.3625217298031,5.300178600000005,23.147416966995447
Droitwich and Evesham,19.06105746941079,0,59.09855865,31.908096383269672,46.0,712.3,2.8000000000000003,9.219834,265.8199743808669,3.340687399999997,16.21768296670779
Dudley,26.37724885462063,0,71.35230064,22.74223308233182,38.0,676.4,6.1,10.5885479,3694.5105625332894,19.778748700000005,32.29096481260567
Dulwich and West Norwood,3.9688835999823695,0,23.53292569,56.31140648936292,35.0,895.1,6.3,33.2255489,7281.805004057649,45.1124204000001,24.094025332533604
Dumfries and Galloway,9.42217367558711,1,44.8318063,26.83134058194087,51.0,734.0,2.9000000000000004,4.4526784,23.419726332667743,2.2031275000000017,19.70129900899086
"Dumfriesshire, Clydesdale and Tweeddale",8.64432080336545,1,44.40108277,29.558257949190185,51.0,728.1,2.4,4.3202497,19.664261528453245,1.6082802000000007,16.35072676042247
Dundee Central,6.082681219110379,1,45.58568991,31.626819702643417,36.0,677.4,4.2,15.3914926,2528.289906299984,12.453531600000002,29.46368985455566
Dunfermline and Dollar,6.482250712890406,1,36.94714045,31.58089691024511,43.0,786.5,2.7,7.7111924,346.24209533741487,4.303932399999999,15.771004748715328
Dunstable and Leighton Buzzard,17.528504723639916,0,57.67855611,30.849741534529823,38.0,796.3,3.2,15.5283408,1508.254874926428,12.725504900000097,16.107244335470423
Dwyfor Meirionnydd,12.023765317489788,0,43.50987987,33.92611814990078,48.0,654.8,3.0,3.4303656,36.6804576090226,1.812017899999996,18.20063930423509
Ealing Central and Acton,6.50003140111788,0,31.5014495,54.9028900575095,35.0,913.3,5.800000000000001,49.4245502,6789.072824337832,44.2934297,21.93587598920728
Ealing North,9.132124352331608,0,49.20952016,39.03637568099349,37.0,706.9,7.399999999999999,49.3654433,5855.445294460074,56.7947835,23.414300871889203
Ealing Southall,5.521616541353383,0,39.44032859,38.51069602001547,36.0,781.6,6.9,53.0187769,8173.628168737064,69.3225631,24.423523023026963
Easington,29.81004544924834,0,66.20861404,21.22049616220889,43.0,643.7,4.5,2.7024953,643.2873286914294,1.917934600000004,35.94000265509852
East Ham,3.536366515359443,0,43.88825906,33.67865184422298,30.0,720.6,8.799999999999999,55.5816553,13614.50503920014,79.72144850000001,28.922182018214937
East Hampshire,12.950445946486422,0,47.93464344,40.06787120378594,48.0,895.5,2.1,8.7121428,180.92694597841765,3.953452200000096,10.108836998403406
East Kilbride and Strathaven,7.230179630462243,1,37.72070368,29.56796866171984,43.0,860.3,2.1,4.3880737000000005,331.21043715196333,3.806860000000001,15.558247590458883
East Renfrewshire,4.698668047066319,1,25.68141894,44.583446299237,44.0,896.2,1.7000000000000002,8.0729055,572.9214127388892,12.527402099999996,10.038859863561807
East Surrey,17.033905195544353,0,53.14280300000001,37.30720400236321,43.0,867.9,2.5,11.4092146,394.0775364085038,11.360860000000097,12.795101282527517
East Thanet,20.113314447592067,0,63.07838185,26.573565734486756,43.0,671.5,5.9,10.8409531,2785.181924039685,7.791651600000005,34.1716112905635
East Wiltshire,16.707986353908417,0,54.70711545,33.12637051272575,40.0,740.0,2.2,11.8533959,99.2435635838558,8.140782400000003,11.904413034627169
East Worthing and Shoreham,14.607359713109744,0,53.82904221,29.778517005637973,45.0,747.3,2.8000000000000003,9.4409289,1746.415025409701,7.352645899999999,16.41525235363489
Eastbourne,13.290209406863282,0,57.33495191,29.808215290751296,45.0,727.0,4.8,15.197769700000002,2298.3033464405435,9.183741300000005,22.14463765000723
Eastleigh,13.250753985351142,0,52.03194262,34.23533910933524,42.0,808.7,2.2,10.6189185,1894.9172547381504,9.143318099999998,9.735928906193667
Edinburgh East and Musselburgh,4.671420735052112,1,33.03839382,43.702358982588464,34.0,766.6,2.9000000000000004,25.7699389,3572.2961253502963,15.940057500000004,19.09401885149468
Edinburgh North and Leith,3.6745831227892873,1,15.93168525,55.87934132987839,36.0,775.5,3.3000000000000003,27.3893475,5401.985291606031,15.0763828,15.910725305645398
Edinburgh South,3.940118737453552,1,32.30695959,53.3115870089349,38.0,918.2,1.9,23.1733975,3234.39837695414,15.665392099999998,11.61033555271187
Edinburgh South West,4.570339873861247,1,24.83188904,46.75938590828017,35.0,799.1,2.8000000000000003,23.8149928,1218.5782451834252,16.352406100000007,14.847978634546973
Edinburgh West,4.209944540793963,1,24.63552853,48.28481685751738,43.0,866.4,2.0,14.85312,953.3581066827716,10.805198300000097,10.605034727332807
Edmonton and Winchmore Hill,8.529662565476915,0,45.62548891,33.37356974762639,37.0,854.1,8.6,44.2450238,5703.776459114075,54.03195279999999,27.86317500170567
Ellesmere Port and Bromborough,17.343437231913068,0,61.79145923,27.14267252520031,40.0,743.5,3.0,6.0800083,1668.6168300896893,4.044212099999999,25.615208161835536
Eltham and Chislehurst,16.301628407145678,0,48.21688632,40.03784467723734,39.0,912.4,4.6,25.7985284,3686.770134216372,28.6620019,21.7181978856354
Ely and East Cambridgeshire,12.303080066451528,0,49.1572147,37.029541753896254,43.0,793.7,2.2,12.7371642,153.6319207697487,6.3772293000000975,11.201967061446286
Enfield North,11.83206106870229,0,46.85259926,33.80749609150004,36.0,840.0,7.399999999999999,35.0627365,3140.082563960937,47.5909715,27.292471688292377
Epsom and Ewell,10.628152223750574,0,46.74776503,44.566461293044654,42.0,924.6,2.1,20.0193809,1903.68635170704,18.108236,8.747110057915418
Erewash,21.304004092452217,0,63.16756527,24.457483231299875,42.0,727.9,3.8,5.5887045,1610.4206902104988,4.818457700000001,20.71555837955198
Erith and Thamesmead,14.720523044156616,0,49.52986574,37.03746609130489,35.0,751.7,6.4,39.5371366,4742.734120688995,53.84410230000001,25.23624314954194
Esher and Walton,8.865998515219005,0,40.8286877,51.58228635402413,42.0,962.9,2.4,19.8266821,2218.042995834865,13.831192800000004,8.012390848756592
Exeter,12.225401169299664,0,44.66589428,34.21456766810379,33.0,656.7,2.2,16.3572356,3127.7187268322023,10.583607699999998,16.70705437677401
Exmouth and Exeter East,13.806610024164003,0,50.47546909,35.12598310515584,43.0,779.9,2.0,7.4197433,432.3127501755647,3.853853500000004,13.359584307328983
Falkirk,7.917888563049853,1,42.52634978,25.995942800960787,43.0,711.1,3.0,6.0330978,483.13145014963885,3.8518653000000014,20.49083586936035
Fareham and Waterlooville,18.12341639566666,0,59.247706060000006,29.538282978491893,46.0,800.8,2.5,6.5515948,1023.2560755317307,4.246480600000002,12.823758211943735
Farnham and Bordon,11.726869753843252,0,43.70534956,42.85274562915538,44.0,924.2,2.1,12.646295600000002,620.2815202251497,6.602881999999999,8.749443624699278
Faversham and Mid Kent,21.213031720822425,0,57.50294479,29.03977450673348,42.0,762.3,2.9000000000000004,8.662365099999999,273.0108970178332,6.311395200000003,19.50981056827534
Feltham and Heston,13.1920693290817,0,60.38028522,32.691718085310235,35.0,728.0,5.800000000000001,50.3814255,5011.021132236841,62.642413600000005,23.71575443527838
Filton and Bradley Stoke,13.538626481624874,0,49.11968639,37.46013470727074,35.0,839.0,1.7000000000000002,16.8503369,2586.873260955942,14.764956900000003,10.149454465130392
Finchley and Golders Green,5.270952950962689,0,31.27079527,53.00670376549809,38.0,988.1,5.2,44.9869713,6207.6728702631535,39.4919833,14.968000673246337
Folkestone and Hythe,24.7074873976784,0,63.49928337,26.69768775579364,46.0,743.7,4.5,11.1232314,386.9097135188104,8.059194400000003,25.6652901144641
Forest of Dean,17.038531118088624,0,57.98993613,29.31065889455605,48.0,836.4,2.7,5.1301888,152.40540493876787,2.519694800000005,17.78275640070961
Frome and East Somerset,13.787567428718212,0,52.614799950000005,32.67300370104109,45.0,716.9,2.5,6.621133799999999,197.656529181739,3.1775573,14.703952720820585
Fylde,17.295663052543787,0,56.44144544,34.62594748983852,51.0,819.4,2.7,5.714915199999999,532.8831378242452,3.690425200000002,15.051028528989962
Gainsborough,21.24022705365749,0,61.8176173,29.312284338384924,48.0,732.1,2.9000000000000004,4.922552,85.69752594124171,3.0393325000000027,20.50873368037045
Gateshead Central and Whickham,21.38647835492453,0,54.56570502,29.906994047619044,39.0,658.3,4.6,10.1318403,2417.627112249064,8.8628233,30.475441592356688
Gedling,16.85275645498953,0,56.66729863,31.546049066011488,43.0,751.7,3.4000000000000004,8.1130112,1613.3761165768187,11.3861895,15.378841121495327
Gillingham and Rainham,21.37092853670394,0,63.68785769,25.24551014937739,39.0,754.7,4.0,13.7245739,2550.4587499555687,15.850690600000094,23.00294566339952
Glasgow East,6.689236845817463,1,38.14724052,30.57038864011877,35.0,767.2,5.800000000000001,20.8123002,3641.357677198495,19.815034200000003,35.545860763545264
Glasgow North,4.76409798785227,1,43.29332171,41.72401568234901,30.0,780.7,5.0,26.851618700000003,4174.527651127906,24.1840214,27.553552280609704
Glasgow North East,6.664515561291837,1,39.33825871,24.094142306062835,35.0,662.7,5.5,17.548229,2846.8829604484763,16.656713199999995,40.63856650064179
Glasgow South,4.096465147010242,1,23.9718109,40.87505486844484,37.0,840.0,4.2,13.6712036,3508.626261914499,15.303930100000096,26.55826851562336
Glasgow South West,6.268748773444728,1,32.10840348,30.73805057969008,37.0,701.8,5.1,18.0976359,3353.56137860989,24.1990743,31.902136328631386
Glasgow West,5.257881810435567,1,24.64393541,42.6345928130224,36.0,781.3,4.4,18.147998,5440.561840524401,16.293498799999995,26.02080748542648
Glastonbury and Somerton,16.116032072541035,0,53.06653522,32.208014969593016,49.0,715.6,2.4,6.9744659,135.4308385950664,2.7444477000000966,16.09566406401866
Glenrothes and Mid Fife,9.762306649326211,1,47.33449573,19.044067619197158,44.0,739.2,4.3,4.8937048,538.6289248838478,2.842650499999999,27.51459586276424
Gloucester,15.99185853103388,0,58.96904587,26.906332031500096,38.0,695.6,3.8,15.1909879,3390.335299327958,15.807241299999998,23.741172904244124
Godalming and Ash,8.803203159280386,0,46.34255025,44.16983685245232,44.0,956.6,1.9,12.156498700000002,296.0972897377976,6.190885099999999,9.16510927679544
Goole and Pocklington,18.2019219170922,0,59.988505800000006,32.183359336795284,46.0,775.7,2.1,7.058283600000001,146.82382638229018,2.9224283000000018,11.665246162603353
Gordon and Buchan,8.88752052545156,1,45.34050556,32.11457321212283,45.0,902.6,1.7000000000000002,5.9639186,44.69989055949542,2.521003700000002,10.552407024035976
Gorton and Denton,14.064551422319475,0,53.41123195,27.51180429687951,35.0,664.7,8.0,28.8945893,5245.4102669121385,43.4429653,39.60270924882793
Gosport,18.02967680737177,0,61.86241625,26.37584989128932,45.0,734.4,3.3000000000000003,7.1326668,2501.098845286029,4.435284700000097,18.55886677025841
Gower,18.060937136081645,0,48.32216729,37.44925363812379,46.0,772.7,2.1,5.2095846,287.4059414238501,4.282054600000096,16.158210157199782
Grantham and Bourne,20.364227642276425,0,62.25138107,28.27133586987305,45.0,664.8,3.1,9.6950639,135.48606798905377,4.4043296000000005,15.181979804889655
Gravesham,20.609733530717985,0,65.37720795,26.69536627480663,38.0,859.0,4.4,19.240461,1054.5303827236785,23.39432380000001,21.76374323679855
Great Grimsby and Cleethorpes,28.76375651983943,0,69.82250768,19.560980137367736,40.0,655.6,5.2,7.3621005,2674.72864690699,3.903786200000003,38.60899572244632
Great Yarmouth,35.302346127417294,0,71.50494733000001,18.243692501118243,46.0,699.2,5.1,9.772365,550.4599661573243,5.402506400000096,33.29233555810582
Greenwich and Woolwich,7.7366043212622015,0,23.89116093,55.381356376563865,34.0,1003.6,5.2,41.1897495,7135.576509177968,44.692052800000006,23.912469321325407
Guildford,9.10050938004721,0,40.98190305,46.11691712472575,37.0,871.9,2.0,22.0611506,846.2350314374132,15.497955500000003,8.94335878458792
Hackney North and Stoke Newington,3.132400693376303,0,20.89563021,48.76491812378573,32.0,941.1,7.6,35.975464900000006,13015.318901172344,44.8356828,30.86124528374677
Hackney South and Shoreditch,3.8392364691494207,0,21.78030865,54.528146220727294,32.0,974.7,6.9,42.6568344,14617.0252116551,49.5499687,34.02653452934341
Halesowen,21.99180880294468,0,66.71822245999999,24.931972789115648,40.0,710.4,4.6,8.139768499999999,3153.3265087775926,17.613558400000095,24.89282335767812
Halifax,19.423583826528077,0,60.11289896,26.302922024495167,39.0,695.9,5.7,12.3204184,1810.750302533143,22.1369583,31.68678643268184
Hamble Valley,15.213687874972225,0,51.01257983000001,35.49960262986778,42.0,877.4,1.9,7.496754699999999,1075.0970874643576,5.073785200000003,8.636346490120266
Hamilton and Clyde Valley,7.83908373728733,1,36.15290081,26.376107177222373,43.0,794.4,3.3000000000000003,5.3169948,385.96268196066166,3.898834699999998,23.98970225765028
Hammersmith and Chiswick,6.364485778231677,0,29.9429624,58.40365465557951,36.0,962.4,4.9,45.2060601,8986.556185954605,36.6515058,21.909279050145567
Hampstead and Highgate,6.055612770339856,0,21.43733488,64.69224456298728,37.0,1167.3,4.3,44.8434225,7711.547814731392,34.5009479,15.610709807926728
"Harborough, Oadby and Wigston",12.566982892073195,0,52.20538007,35.339294728492106,42.0,829.2,2.6,14.346257499999998,653.6481909077722,24.703151700000003,11.124483974580029
Harlow,21.82115921304518,0,66.37172659000001,25.490285246535315,38.0,776.0,4.1000000000000005,16.651418,758.1094330621319,15.558715199999996,18.98029161612251
Harpenden and Berkhamsted,7.8125,0,39.62610208,51.79045712379045,44.0,1136.5,1.7999999999999998,11.0751441,389.78938546292096,8.259333999999996,6.600332395873779
Harrogate and Knaresborough,10.907728948985865,0,47.53185772,40.88695693484406,45.0,759.9,1.7999999999999998,10.1627152,791.8642060334436,5.151052200000095,10.494026788959236
Harrow East,4.579609435502438,0,49.02323956,40.68647317392524,38.0,842.8,4.8,53.4664096,4871.847442340666,63.5135417,16.323886740910265
Harrow West,5.833204394244159,0,43.31145972,45.23215228941618,35.0,875.8,5.4,53.7636201,7309.344145589771,65.7623965,16.410599463498443
Hartlepool,24.54450733575512,0,69.56832972,24.805184371903703,41.0,666.6,4.6,3.9686978,997.20743639312,3.541284,34.5539677762226
Harwich and North Essex,20.41088191828154,0,59.06924222999999,27.816367460744505,46.0,777.2,3.0,7.2859964,290.2559834954404,6.061898399999999,18.08441105150024
Hastings and Rye,16.09262883235486,0,55.76625443,28.643714196798022,45.0,695.8,4.9,10.7862789,717.3545929836932,7.890895500000095,32.98822358380009
Havant,23.60735789124354,0,61.74177201,26.70092155885323,45.0,737.5,4.0,6.5550763,1374.7598037404282,4.230156600000001,23.868802876594508
Hayes and Harlington,10.73730914785332,0,57.85698775,32.10521454448424,33.0,711.8,6.1,48.4027742,3134.0473498252936,67.9577855,24.471897395550734
Hazel Grove,15.120222618374711,0,52.31963833,33.421391752577314,44.0,759.7,2.6,5.3914461000000005,1575.1369675326468,5.580685200000001,21.776398668560443
Hemel Hempstead,17.43221184365648,0,55.84424698,32.96631019950793,38.0,795.7,3.9,16.7354695,1883.9674680142537,16.6160042,16.063034981542646
Hendon,7.3637773899554,0,41.584473640000006,45.72054255339675,35.0,800.4,5.800000000000001,49.6386036,6097.553276033499,50.3289283,19.27485430213381
Henley and Thame,9.806798728295426,0,42.297104880000006,44.70965762356491,46.0,950.0,1.9,11.4811288,180.21379372545528,5.880006000000004,8.665105650097814
Hereford and South Herefordshire,18.42139910471342,0,61.06824146,30.846286270302635,45.0,704.7,3.1,10.3308035,132.6250626025273,3.730306800000005,19.315908773678963
Herne Bay and Sandwich,21.71339627665021,0,61.26906477,27.02214515371554,49.0,723.7,3.6,6.369883700000001,413.2889660280969,4.668338800000004,20.32026262253189
Hertford and Stortford,15.414097650391602,0,48.74086497,40.06721346149327,41.0,958.4,2.0,12.741977900000002,919.739232071588,9.104931299999995,7.791214890623967
Hertsmere,13.714666611119211,0,51.0866333,39.24798926035398,42.0,884.2,3.5000000000000004,22.2647132,900.6894033608824,22.041147700000096,13.586221261979944
Heywood and Middleton North,24.204147589550228,0,61.664496410000005,26.356815128393624,38.0,661.1,5.2,12.6022016,1477.947695895004,17.995830499999997,33.097645556384
High Peak,14.14258423769459,0,50.54802765,35.582870737509914,46.0,738.3,2.5,4.1614722,170.21562530746473,2.552362600000002,15.62222436492349
Hinckley and Bosworth,18.44599259398732,0,60.45798708,29.376417928751,44.0,715.1,2.5,6.1251339,349.08057172387856,5.028284699999997,14.256850571311976
Hitchin,12.873738335555132,0,46.97885194,40.490960989533775,40.0,966.8,2.3,10.3056019,462.63902181100303,11.950239299999998,9.305815807560135
Holborn and St Pancras,6.1421687995440655,0,27.68938428,51.00142590764506,31.0,886.1,5.4,44.8321545,12048.703516623638,45.19148750000001,23.81610479177873
Honiton and Sidmouth,12.41535879972362,0,55.57828483,32.37203335471456,53.0,735.9,2.2,6.256832900000001,144.45248381726717,2.586501799999996,12.65322324824059
Hornchurch and Upminster,28.38779817100467,0,69.10029971,29.31124309680108,40.0,910.3,4.0,16.2729988,1964.1393746796944,20.0959384,16.92753608890765
Hornsey and Friern Barnet,4.089058838041199,0,17.44694269,60.19058203185037,38.0,977.5,5.1,36.2282119,7296.483389188306,30.2561097,18.807216359447004
Horsham,11.020018378709526,0,49.40733081,37.22750470687144,43.0,879.9,1.9,11.6039543,349.3142922984105,7.613419200000004,9.89052304771698
Houghton and Sunderland South,29.146682653876898,0,63.6795812,23.06210939392471,42.0,641.9,3.9,2.683023,1534.9679658129774,2.5148072999999997,30.620697717336
Hove and Portslade,8.78075092951126,0,32.12448158,46.51737469997754,40.0,766.3,4.1000000000000005,19.8176254,4318.164844567299,14.310209799999996,18.01142584205921
Huddersfield,15.42636623926304,0,52.60445024,30.10339238808473,37.0,646.5,6.3,20.210577,2422.6798276714644,38.2266652,30.119152198973552
Huntingdon,15.447732513451191,0,51.64821084,35.000732468644706,42.0,758.4,2.1,14.3779332,193.51221285903463,8.8039156,12.0402786071821
Hyndburn,20.73184142519382,0,65.78573973,25.51008169303144,39.0,703.4,5.5,9.0514548,1088.9803745212805,17.617838799999998,33.55412111831286
Ilford North,7.722658249445487,0,51.593239,41.816889303865295,36.0,812.7,5.6000000000000005,44.6147866,4559.335554695084,67.09184610000001,17.019590893416808
Ilford South,5.657031819285888,0,46.30322791,37.57727975270479,32.0,834.6,7.7,49.9902475,9084.055400646545,78.01854809999999,21.965556023915635
Inverclyde and Renfrewshire West,6.1363073110285,1,34.61553853,27.194530797196904,46.0,747.3,3.1,3.6164166,433.3853774266399,2.780897700000096,26.167304125205288
"Inverness, Skye and West Ross-shire",6.105377060096554,1,40.58346547,32.346166502138864,45.0,736.3,2.7,9.2592582,10.88831814676828,3.356286399999997,17.805967670017136
Ipswich,15.944725556488391,0,56.73647815,27.36222183588317,38.0,685.0,4.6,19.1610636,3563.8707131357896,16.555478199999996,26.45675610531896
Isle of Wight East,20.846293796584305,0,62.83406218,26.270591773315065,54.0,614.0,5.3,6.138291499999999,571.8649570927756,2.7677551999999994,24.335993820278844
Isle of Wight West,17.013706620005834,0,61.02541762,28.559709363647016,49.0,704.8,3.6,6.122857600000001,267.1202406711779,3.262520999999996,22.23780749185668
Islington North,3.4893686487368893,0,23.0289778,57.5643194932535,33.0,958.2,6.2,38.1443123,15040.898167499729,38.1301428,28.313677621565
Islington South and Finsbury,7.924404734059971,0,25.61062404,56.22049150558895,32.0,1079.7,5.7,41.6181227,15041.16457456968,37.6114886,26.86185057048745
Jarrow and Gateshead East,26.93313003702897,0,64.94991768,23.60481965458272,41.0,687.4,4.7,4.413578599999999,2209.3386791911366,4.190844800000004,34.58099765446118
Keighley and Ilkley,10.353786861819598,0,52.44276042,31.96006555654252,42.0,721.0,4.4,10.1353404,616.6315103986332,19.834207700000096,25.714437974123182
Kenilworth and Southam,12.978244561140285,0,46.34836498,43.52835629605896,45.0,929.0,1.7999999999999998,8.759513199999999,150.91853248498043,7.0172966999999975,9.822602516770308
Kensington and Bayswater,5.998854633960103,0,28.92602351,60.55535684687121,37.0,1020.5,3.9,55.726654200000006,11499.393811917109,38.6169647,20.6727869370036
Kettering,16.858115506360615,0,60.72960395,28.32507321468799,40.0,765.2,3.3000000000000003,13.9139544,444.206770158169,9.800269400000094,18.80350099522836
Kilmarnock and Loudoun,8.173642826875088,1,39.44125905,24.823684706769757,45.0,738.7,3.7,3.383951,138.5371566215997,2.3509965999999998,24.440473945505776
Kingston and Surbiton,9.448523606505606,0,39.2520948,49.42996306802976,37.0,952.7,3.4000000000000004,32.0780442,4566.295597193709,29.4830504,12.488846439633653
Kingston upon Hull East,30.611081298631607,0,70.94514801,18.606186575375965,38.0,624.6,5.9,6.6332271,2764.4958328253806,3.881686799999995,39.93822777191727
Kingston upon Hull North and Cottingham,20.406508318509992,0,59.81034747,26.747996114971237,36.0,683.4,5.5,16.041298799999996,3264.146586644701,10.493415699999996,35.236743821451554
Kingston upon Hull West and Haltemprice,23.301377756823303,0,65.91712443,25.582287754223987,40.0,677.4,4.9,11.819192,2497.238529935934,7.774096100000005,31.50524277717935
Kingswinford and South Staffordshire,21.97432492253209,0,63.54120508,30.321406101495253,48.0,767.1,2.7,3.156835,488.5449428224326,5.7466817999999975,11.57819904868434
Knowsley,16.43409992509779,0,51.89429304,22.601844939746183,38.0,730.1,5.0,5.1817504,1934.3599204517584,4.140949500000001,47.98310505642051
Lancaster and Wyre,15.964471726190476,0,51.5673005,34.301248293348934,39.0,709.2,2.3,10.5598619,224.54542248548037,8.7036432,18.851298337743128
Leeds Central and Headingley,7.592973571767684,0,42.75769756,39.09142664361321,24.0,671.5,3.5000000000000004,23.296028000000003,5673.541918402887,28.946688499999997,25.623693976589298
Leeds East,18.647811516197827,0,57.83540203,26.08641130870953,37.0,693.8,6.7,17.8364296,2038.4371341723615,26.017942800000004,37.08440159606295
Leeds North East,7.585183873181748,0,35.73627803,48.153442316188894,39.0,766.9,4.6,20.7186758,2493.6553956432363,36.2601544,22.540361123451746
Leeds North West,11.923177371074994,0,42.76358034,43.11532184228335,43.0,853.9,2.2,6.982886799999999,1112.3886168498536,8.300262400000003,13.351508750355706
Leeds South West and Morley,20.361113183615608,0,59.36506824,28.24542242210087,40.0,756.7,3.2,7.6596993,1732.6619282149557,8.5964001,25.055287646141853
Leeds West and Pudsey,16.316828596664415,0,52.68229037,30.855841922272678,37.0,671.7,4.9,12.4170214,2919.9173608455244,15.4114815,32.37861047854288
Leicester East,5.589330821595239,0,52.37541498,23.091473569504696,36.0,603.4,5.5,50.46810550000001,5956.601692277864,79.8921655,27.5804719631786
Leicester South,5.903864999880488,0,42.40742169,30.79268292682927,29.0,671.5,6.3,40.0094638,6504.079268542496,61.0432573000001,28.928561705825707
Leicester West,16.00700624346696,0,51.56219968,26.47076897865541,33.0,660.8,6.1,32.8142603,4151.370880405238,36.6098119,35.17903098332677
Leigh and Atherton,26.9370901141608,0,64.48710278,25.248402719356083,40.0,714.8,3.8,6.9896016,2173.1905425323903,6.032749100000001,28.1757235301348
Lewes,11.91394128599101,0,48.59010418,34.81684912782313,50.0,834.1,3.4000000000000004,8.0871022,271.1697479161579,5.041411100000004,14.421738900218909
Lewisham East,8.536555355956395,0,37.60349108,42.627374784110536,37.0,849.6,7.7,35.1508216,7427.426979156056,51.2905998,29.195660791711248
Lewisham North,4.528267711187086,0,24.49602551,54.25873037148543,34.0,918.3,6.6000000000000005,39.7990322,9715.889042224691,50.0977049,26.70466886119602
Lewisham West and East Dulwich,4.813202912914207,0,23.69804571,57.55185106088967,36.0,958.9,5.800000000000001,28.117768,8687.991582380298,37.8406593,20.803242358734163
Leyton and Wanstead,5.659471325345285,0,35.62867865,47.19096379182941,36.0,929.6,6.4,40.9714043,6776.780145193047,48.04893810000001,21.48000203734177
Lichfield,19.82323232323232,0,57.78146927,34.196884703996794,46.0,862.4,2.3,4.338309199999999,318.57709258474586,4.020865399999996,12.081258941079522
Lincoln,18.031309297912717,0,57.6184061,26.90362561436,35.0,686.9,3.6,14.064017099999996,1868.2623179728,7.268405300000003,24.191095675883524
Liverpool Garston,10.492224894625297,0,38.19269165,34.379088387670734,41.0,773.9,3.9,7.997298499999999,2043.842281899646,8.8925013,31.154027112561497
Liverpool Riverside,10.104691022513205,0,43.46503852,31.53059917009176,28.0,683.7,6.1,24.3466141,4946.308513413538,25.8198487,49.29088149349514
Liverpool Walton,15.688879249579786,0,52.36987495,22.92003924454256,38.0,715.0,6.0,9.4022595,4040.6228830922937,7.832778900000004,47.35001208407566
Liverpool Wavertree,8.67512244129097,0,32.25319099,36.98164513936098,33.0,761.5,6.3,17.8665372,4579.656775786046,21.855077999999995,34.271315349532486
Liverpool West Derby,12.837446718939114,0,47.29718909,26.27732611801596,39.0,717.9,5.7,9.926738,5388.676312985698,9.921124699999996,45.320432120486366
Livingston,8.869313113291703,1,43.03835051,26.746164908916587,41.0,761.8,2.7,10.0127654,435.4871412851393,6.313404099999998,19.09116034649355
Llanelli,27.60406440212056,0,55.64533069000001,29.25812942169144,44.0,694.8,3.1,5.3357686,239.30556482460923,2.7368196000000955,24.45943143511944
Lothian East,6.317824622676812,1,34.56912799,34.828855169632504,44.0,742.2,2.2,6.7246742,148.78075428974958,2.7946691999999995,15.647387783709611
Loughborough,17.047256205778652,0,50.27004257,32.98769317487905,36.0,753.5,2.7,15.213707,842.8519654908632,17.002087499999995,14.670001197779724
Louth and Horncastle,25.678263301706146,0,67.89895270000001,23.823986782000198,54.0,670.8,2.8000000000000003,3.793485,73.84438967256207,2.0845923000000988,25.15431815889283
Lowestoft,24.69395562356542,0,64.42700078,20.877821842586943,48.0,689.4,4.1000000000000005,4.4810494,844.4339541571995,3.0237833000000047,27.46615527164374
Luton North,12.04284423796619,0,59.255974290000005,29.95448950322413,35.0,695.2,6.3,33.2453702,5454.977899125468,55.67015200000001,23.08832583690344
Luton South and South Bedfordshire,12.399041217237247,0,54.13683046,29.94517521002272,33.0,713.8,7.3,39.8934151,1331.971472352957,48.6064778,27.42732348330204
Macclesfield,12.486740415214426,0,46.49168173,40.66170097848341,46.0,899.6,2.4,6.6842133,327.3349136989325,4.791168800000001,13.04851018775785
Maidstone and Malling,20.08234710815064,0,56.9689094,31.071498126911752,39.0,774.1,3.2,16.943026,2233.714101086563,12.535853500000004,15.26853277902432
Makerfield,31.79842535330204,0,65.86210685,24.68442036272433,43.0,762.2,3.0,4.2352726,1851.709093354879,3.3463660000000006,24.15220767216687
Maldon,25.01554944724223,0,61.02399186,26.4155478900494,47.0,763.2,2.5,5.0888968,232.87007845317015,3.9710421,13.544780109200389
Manchester Central,11.982378854625551,0,44.95503193,40.66957584914663,29.0,711.9,4.9,32.0516554,5040.237419678909,38.5990279,40.537191425982
Manchester Rusholme,4.522439982089346,0,32.08548083,36.980787630181126,25.0,730.9,6.7,39.9238204,8158.454085313133,59.2113016,37.45673526011561
Manchester Withington,4.699144520859792,0,22.31641863,54.46069137469808,32.0,919.8,3.9,20.6279468,5103.820489821245,28.27089740000009,24.91757072691552
Mansfield,22.84177477060871,0,70.81261764999999,21.91500731894328,42.0,637.2,4.1000000000000005,10.7403509,1509.6088801166495,5.108004700000002,28.508844565605187
Melksham and Devizes,13.135949065484445,0,49.95114741,34.81566730891081,48.0,755.2,2.4,7.507378300000001,228.2279830710776,3.690230400000005,13.16254232114588
Melton and Syston,19.45157221763145,0,59.5210451,30.10629536212488,45.0,724.1,3.0,8.6577474,171.51494999807022,10.5909229,12.898786628146924
Meriden and Solihull East,19.87737027364596,0,56.147967480000005,34.81240212965863,42.0,916.7,4.0,8.901835700000001,753.9765177545702,14.321382300000096,19.906020881909527
Merthyr Tydfil and Aberdare,23.69444838847082,0,55.47577088,25.400432232170424,41.0,655.8,3.3000000000000003,4.5127053,409.9207997610647,2.635181200000003,29.853165810764
Mid and South Pembrokeshire,16.78783589611615,0,58.27357809,30.424604359510298,48.0,722.3,3.4000000000000004,4.904924,104.14557301468936,2.574001199999998,21.5615097624066
Mid Bedfordshire,17.319280143487635,0,54.35699778000001,36.89219349499712,40.0,881.6,1.9,9.8577221,308.74679912466746,10.7395687,9.644069067886464
Mid Buckinghamshire,12.837574836425643,0,47.2564477,43.13894305031526,44.0,816.5,1.7000000000000002,10.4232919,190.82766024660216,9.312124399999998,7.629418601760746
Mid Cheshire,19.19342793129201,0,56.47760376,30.36376940364815,41.0,749.2,2.5,6.2335562,940.0979428104276,3.9774442999999993,19.702040930823568
Mid Derbyshire,17.57566834234272,0,52.27340314,35.879859909240814,47.0,784.3,1.9,4.8993553,624.1436189924875,4.7638921,10.428066589574197
Mid Dunbartonshire,3.980052334180288,1,27.215522260000004,45.51878684475229,47.0,929.4,1.6,6.5616851,627.8127939832066,7.045827999999998,9.762479568986668
Mid Leicestershire,18.57023933402705,0,57.27088695,32.9337196667874,43.0,752.6,2.3,11.5026616,759.1279486560701,18.1110212,10.359749371341106
Mid Norfolk,20.539468810597644,0,63.20858045,24.536156780872137,48.0,713.6,2.1,7.6100311,118.68317311570462,3.156409299999996,18.07776084199329
Mid Sussex,11.102985298529854,0,45.07007214,40.44075811407114,42.0,851.0,1.7000000000000002,12.048535,625.3276870533103,8.2034661,7.943571857678134
Middlesbrough and Thornaby East,20.478391025082104,0,65.52115952000001,24.602628500653683,34.0,654.0,6.1,15.2048072,3352.668306060466,21.9330153,44.55629191995197
Midlothian,7.417638401449111,1,37.94096947,29.4780121558813,41.0,762.2,2.3,7.7153495,281.13668050815835,4.537085299999999,18.74626192330813
Milton Keynes Central,13.084288378134886,0,47.93936882,38.7791723167586,36.0,788.8,4.5,32.3060361,2077.140367906412,34.4649031,17.72139614747155
Milton Keynes North,13.406703351675835,0,50.69211505,35.339543231253394,40.0,903.4,3.8,18.5180871,471.0943661495622,20.0960097,15.833050543813256
Mitcham and Morden,9.13711192133466,0,48.67009976,40.05041338979633,37.0,833.6,6.0,42.65629920000001,6753.830030799399,47.9113137,19.02199715994875
Monmouthshire,10.69546062465581,0,49.55779256,39.378059535525765,49.0,811.8,2.4,5.5025597,107.14154728817316,3.0702028999999964,15.179645285254091
"Moray West, Nairn and Strathspey",7.4966705331443055,1,45.97660114,30.181598062953995,47.0,761.1,2.3,7.180816200000001,21.30207652273708,2.4539545999999968,13.909220701112371
Morecambe and Lunesdale,16.25085831998169,0,52.549367270000005,31.803710615874408,48.0,689.4,3.2,5.2590381,110.42852191943444,2.487133100000005,22.601436128611773
"Motherwell, Wishaw and Carluke",7.697432480910162,1,36.11757045,24.79500292408576,42.0,785.2,3.1,6.2439437,465.6652733547589,4.637418999999998,26.044165626215484
Na h-Eileanan an Iar,5.152276759314016,1,44.76279944,31.144287582878533,51.0,780.3,2.2,3.7732085,7.949603978849391,1.6603856000000028,17.18656994695093
Neath and Swansea East,25.3382166081172,0,56.28807559,27.26286668372881,41.0,723.8,2.9000000000000004,5.2196802,463.40862589266345,4.393817300000002,24.73269359533874
New Forest East,16.90470926376299,0,60.58869758,29.65054012243657,49.0,770.3,2.4,6.1265529,219.7817807804712,3.314752800000098,13.697081327101207
New Forest West,16.351943371387875,0,54.79171248,32.7643510729966,55.0,703.7,2.3,7.6934083,235.75748886007727,3.1267742000000043,12.298796753803051
Newark,15.48850520959988,0,56.00886535,32.65528181516224,46.0,785.6,2.6,7.710233499999999,141.95646822505532,3.867270300000003,15.788612345475826
Newbury,10.948293480482322,0,48.61790462,36.102337334175616,42.0,854.3,2.5,12.5805468,252.9380408053174,7.329783000000001,10.727309738940448
Newcastle upon Tyne Central and West,18.897352194414218,0,53.91776132,27.83803736725538,32.0,614.1,5.5,22.5036541,4217.884652989837,27.4231299,34.96544524092641
Newcastle upon Tyne East and Wallsend,19.80813307814088,0,55.8279824,29.997192150500734,35.0,679.2,4.5,11.8190197,4277.822958339661,11.5583133,32.4443320741599
Newcastle upon Tyne North,12.20355019849024,0,42.43508636,44.03733303526519,36.0,773.7,2.0,11.999874,3471.686312448712,13.038361799999995,16.46543748920952
Newcastle-under-Lyme,22.376192639709224,0,61.69700258,28.549872320668573,41.0,705.6,3.2,7.952247499999999,940.065048520966,8.446821800000004,19.34546613969212
Newport East,19.10409799901378,0,58.97351053999999,27.90292852754454,37.0,709.6,5.3,13.7611867,822.0801143091261,16.116344400000003,31.03424857724672
Newport West and Islwyn,20.359466997211037,0,54.28024705,31.165834881546512,42.0,740.7,2.9000000000000004,5.7026995,669.0406116714342,6.383649300000005,20.69671050689901
Newton Abbot,17.698783130521754,0,55.94262433,30.47051650110516,49.0,690.5,2.5,5.1169575,470.1857597044766,2.409168800000105,16.87588539449068
Newton Aycliffe and Spennymoor,23.97982231591628,0,60.50292329,25.960254698572456,43.0,646.3,3.1,3.627733,399.8951813875613,2.180545100000097,26.710502471480897
Normanton and Hemsworth,29.19750199455281,0,69.66531136,21.95729961832061,41.0,641.9,3.1,6.5351595,689.4141559511755,3.145809700000002,28.99083868888091
North Ayrshire and Arran,8.080545170602432,1,41.65952484,25.944551901998707,49.0,797.2,4.2,3.5086101000000003,111.41802128158837,1.8784931000000005,24.87416352091658
North Bedfordshire,16.355384883923897,0,53.136833800000005,35.81724199393975,42.0,918.5,2.5,9.8082331,184.99824650737835,10.412889600000096,12.547519238812212
North Cornwall,16.47770514196507,0,59.82372891999999,27.95012976932593,49.0,670.8,3.5000000000000004,5.1734633,77.83929630197395,2.676592600000005,23.4881972784562
North Cotswolds,12.94471321348225,0,47.38678277,39.76183294207137,46.0,744.9,2.0,8.49972,93.9832849317767,4.203601300000004,11.264745011566667
North Devon,15.825505183110645,0,57.03847943,28.53979609217217,48.0,650.3,3.2,5.4875195,91.6339591108245,3.014822500000003,20.403279736476403
North Dorset,15.888734577219571,0,56.39290938,30.938157017588843,50.0,723.1,2.2,7.1303036,120.17029987822274,2.767403300000004,13.753598187088274
North Durham,25.71634788884879,0,58.17141257,26.289380081300813,45.0,649.2,3.2,3.0526551,424.6136282930438,2.399764000000004,25.40667067703664
North East Cambridgeshire,23.118746171125174,0,71.3924676,19.039984911354203,44.0,688.4,3.9,12.4631985,191.6449017833852,4.080577100000005,25.61847238095238
North East Derbyshire,17.221907295164176,0,62.00696031,27.58401947076796,46.0,742.3,2.7,3.1650884000000006,422.5343498344639,2.726093799999996,17.890017033833306
North East Fife,4.900767646508145,1,41.92625411,36.49465072372561,46.0,774.0,2.3,11.2923787,112.051136126295,4.914847700000003,14.130907227335433
North East Hampshire,12.01043916486681,0,45.4922944,43.34583000430213,44.0,899.2,1.6,11.1203506,320.12875541379884,6.873333800000003,6.05008873794054
North East Hertfordshire,16.11195734958111,0,50.7452674,37.362927414517095,43.0,988.9,2.3,9.3756593,210.054302953222,8.9843585,11.951842074689614
North East Somerset and Hanham,14.521271393643032,0,52.35713937999999,32.23946559650504,43.0,760.0,1.7999999999999998,5.729621799999999,465.0857982984535,4.069209500000004,11.597101573759153
North Herefordshire,15.980302609110042,0,57.58387522,34.67884425505379,52.0,727.9,2.7,6.7409468,64.48117877810596,2.4151132000000963,18.07067103027378
North Norfolk,13.536551665497525,0,58.34866644,26.72419497862541,56.0,647.7,2.9000000000000004,4.415989,109.1764028040824,1.898436800000003,20.99694332270634
North Northumberland,15.74022889666892,0,52.55353919,32.733501439087135,53.0,792.5,2.8000000000000003,3.7557156,42.9220267445205,1.8343558999999956,19.0074156817134
North Shropshire,15.499858853893617,0,60.22554933999999,29.904170027041133,48.0,701.4,2.7,6.1449432,133.6393910118338,2.557807199999995,18.136130289860773
North Somerset,10.41922404493546,0,46.80147241,39.57395778262047,47.0,951.7,1.7000000000000002,7.201344199999999,481.54041479748935,3.8823645000000018,8.62200113137436
North Warwickshire and Bedworth,26.13825109916952,0,68.03261149,23.600707449022057,43.0,716.8,3.1,6.9384557,363.6003818302348,7.683370499999997,20.03444512026247
North West Cambridgeshire,19.676301098505316,0,59.53600879,29.97099581050596,38.0,732.7,3.5000000000000004,18.9631126,311.2104745547928,13.238717700000002,19.38318128439107
North West Essex,14.099216710182768,0,51.19594889,36.26737891398183,43.0,946.3,2.1,9.218563,177.41941611973024,6.812612500000004,10.232325031868626
North West Hampshire,15.21751962694056,0,54.08410785,33.98736435089819,40.0,769.6,2.2,12.819483000000002,252.36062114631915,8.163334900000097,12.833686002671003
North West Leicestershire,19.92505970517994,0,60.82085000000001,29.7931928528624,42.0,762.1,2.1,6.2716077,448.49996863619725,4.163029500000004,14.536770133425607
North West Norfolk,19.5148768119194,0,64.94739421,23.487986263385658,48.0,725.5,3.2,11.5665583,113.35008629053536,4.986420899999999,25.0279288633326
Northampton North,16.7651208954153,0,59.08360366,27.639088403152535,36.0,677.7,5.5,30.5557349,4333.182374286864,22.915481000000003,28.20077270943466
Northampton South,18.699890670553938,0,57.64700108,31.47676239015416,38.0,691.6,3.3000000000000003,22.2515423,2297.486495039973,18.444179000000005,19.64924242179
Norwich North,17.98098983939692,0,56.75709164,26.597223916278388,41.0,689.0,3.2,11.0921403,2423.439339087976,6.914811200000004,21.14625336783392
Norwich South,11.591085486195809,0,40.666369200000005,36.257798573975045,34.0,719.5,3.7,17.6819386,3597.6921083756056,13.838522000000095,24.69308042143353
Nottingham East,9.829400291200791,0,40.19172229,33.815811498734725,29.0,670.8,7.1,30.7930178,5799.91634832676,39.7724663,34.55323520793951
Nottingham North and Kimberley,20.14739909161025,0,58.50941405,24.16668640875601,37.0,630.2,6.4,17.9683591,2745.225514931313,27.483884000000003,37.26883798877745
Nottingham South,15.012622038383162,0,54.20617638,27.447993733136045,27.0,605.4,4.3,21.6493614,3467.960238544658,30.8642156,29.48728021255147
Nuneaton,21.980928347851407,0,64.1296592,25.496639283047053,39.0,689.5,4.2,11.4904882,1269.6979422749323,12.358537999999996,24.01771036953758
Old Bexley and Sidcup,21.80001259630928,0,62.94958417,30.927445410321745,41.0,993.2,2.5,16.0813706,3828.223820884712,19.848482200000092,11.896684639125422
Oldham East and Saddleworth,19.30363159865219,0,58.17195445,26.80892521920965,38.0,691.8,6.7,14.7881215,1072.790922828165,27.5242529,33.03421994987836
"Oldham West, Chadderton and Royton",17.753350789412284,0,61.632642790000006,22.814611486486484,35.0,675.3,7.8,20.176329000000003,3814.4140652471424,40.595636200000094,37.24852979285801
Orkney and Shetland,7.666279969064192,1,40.28130825,30.76117599677809,47.0,846.7,1.5,4.7776709,16.475813570154525,2.022836000000105,13.55301928401894
Orpington,19.308488702710918,0,56.13994613,37.24186343331206,42.0,923.4,3.6,18.1076149,1466.1150222788206,21.6932726,16.0808233722472
Ossett and Denby Dale,21.02432019693205,0,55.88836848,31.87438308483558,45.0,722.0,2.8000000000000003,5.5008685,673.5878494838064,5.806856900000001,16.148140457198444
Oxford West and Abingdon,9.05256750293491,0,36.05489867,49.71102128086059,35.0,827.4,1.7999999999999998,25.994329,1016.7749118623376,17.403059200000005,9.820465940655986
Paisley and Renfrewshire North,7.774753727209229,1,35.8241096,29.59231187107121,41.0,807.8,3.0,8.306675599999998,1091.5331711631327,7.507412599999997,23.73092123346439
Paisley and Renfrewshire South,7.160332340188456,1,36.4017689,28.346713497240337,42.0,761.7,3.0,6.9872364,638.7945147736987,4.9468701,24.50688863284877
Peckham,4.613758795783179,0,32.06848456,49.67912462060546,33.0,830.4,6.800000000000001,42.4439613,13770.751499078431,58.53756059999999,30.999430973374484
Pendle and Clitheroe,17.476579543996234,0,61.37443071999999,29.01549041480272,41.0,720.5,5.0,13.4060487,482.6649532847098,19.498722200000092,25.256915188599564
Penistone and Stocksbridge,21.508017741385192,0,59.33166374,30.165983468852897,48.0,801.0,2.3,3.2844902,307.7678141845784,3.3790298,18.83639526262169
Penrith and Solway,15.470465290882895,0,54.77030634,31.55002188609504,50.0,828.9,2.0,4.3632624,49.02017147679162,1.8818746,18.04475751901812
Perth and Kinross-shire,5.93086646564291,1,37.750993,35.95728684538214,46.0,762.9,2.6,9.5253928,70.37518768863583,3.6991151000000055,14.306334185360006
Peterborough,12.846293465800535,0,61.92949032,23.32601809280756,36.0,692.1,7.000000000000001,32.051898699999995,769.409497849698,30.389450100000005,31.62351900352594
Plymouth Moor View,22.563935038267687,0,65.46023138,22.79325612658946,41.0,662.1,3.3000000000000003,6.3234821,2893.235539311432,4.062154600000001,28.965780980898504
Plymouth Sutton and Devonport,17.738448746882053,0,53.454459590000006,30.94184715618947,35.0,670.5,4.3,14.4500572,5204.025297744285,9.823573900000005,31.82122148818748
"Pontefract, Castleford and Knottingley",29.08752120588481,0,71.32699106,21.552461219005743,39.0,711.5,3.4000000000000004,5.8483524,1431.162257385172,3.523148099999996,30.59200887735728
Pontypridd,19.866422875717404,0,50.55742013,29.247887255732863,40.0,701.2,2.7,4.900346,739.5495918055984,4.242963600000005,23.34550983066508
Poole,16.696258006517585,0,57.00909362,32.28348407880065,44.0,763.8,3.3000000000000003,12.1251946,2481.804338365828,6.459943099999999,16.13027028925988
Poplar and Limehouse,7.904578290864324,0,32.082883880000004,53.95754178069453,30.0,1102.2,6.2,50.0761009,13645.45704244378,59.8743616000001,24.518292938271607
Portsmouth North,20.438535330464266,0,63.83346452999999,26.564934983979757,38.0,705.9,4.1000000000000005,11.6403149,2398.2447015566404,9.707107599999995,25.00160655012616
Portsmouth South,14.647554459515002,0,51.38667667,32.97869992274583,33.0,693.2,5.4,21.8688713,6522.414098091007,19.473395400000005,29.232991769618632
Preston,14.34751081439252,0,55.84346827,28.789712556732223,33.0,679.2,5.4,21.6283834,3036.38705269619,29.8781029,33.299729977729775
Putney,6.227812151333807,0,26.78873156,60.890001088020895,34.0,998.9,4.6,39.80906,8038.749589977526,31.0635582,15.891945947379588
Queen's Park and Maida Vale,5.492527971207261,0,35.39652697,47.83322582536797,35.0,838.0,7.399999999999999,48.6475926,16359.88300236296,52.809209200000005,29.54262903396093
Rawmarsh and Conisbrough,28.62199150542709,0,70.49291669,21.269397565181045,41.0,653.6,3.8,4.1145019000000005,959.8061408035448,3.2421294000000045,31.358027563700727
Rayleigh and Wickford,25.29284255283672,0,68.48799456,22.89757801993389,44.0,857.4,2.0,4.6651093,1452.3077870529514,4.959530600000095,9.672697174447174
Reading Central,8.619814091099776,0,36.05420518,45.185945221542845,34.0,796.6,4.3,37.2249843,4762.661870278967,34.1800625,17.495363635523947
Reading West and Mid Berkshire,13.447616592554402,0,49.39008164,36.032823847101696,42.0,901.3,3.0,14.675115,309.4764882146596,14.267307799999996,12.836250613422637
Redcar,18.885602868434137,0,66.80135603000001,24.205369390554576,44.0,705.1,4.2,3.2423652999999995,1161.991116914652,2.6938443000000034,31.92793997572195
Redditch,20.096755162241887,0,61.13940542,27.14813059636346,42.0,713.1,3.8,10.5790639,531.0185405324573,9.338324499999995,21.739454106280192
Reigate,13.61900641447678,0,47.82155604,42.41484640654718,42.0,902.2,1.9,16.6923558,1297.543202100529,15.959416400000004,10.363240473906115
Rhondda and Ogmore,26.05149974864548,0,61.02970957,21.884692238853543,41.0,642.9,3.7,2.6067533,506.4452612841503,2.3414245,32.48412240210007
Ribble Valley,16.385060454029947,0,55.330862020000005,37.45175160013681,44.0,805.1,1.9,6.683296899999999,167.31700846413918,8.945864299999995,12.434866219886286
Richmond and Northallerton,14.717883196636857,0,54.05923661999999,35.016073493348244,50.0,715.1,2.1,6.750348600000001,49.78257523499549,3.9613236,12.27899081196152
Richmond Park,6.240781534335792,0,27.76008566,64.1030584126192,41.0,1062.3,2.5,34.6209875,3074.2315697401204,23.562171300000003,9.586350290190078
Rochdale,17.065611771820198,0,57.13937127999999,26.033130783389225,36.0,689.0,7.5,19.6179895,1355.0879318012453,36.939161600000006,38.63208952840733
Rochester and Strood,23.39546457580168,0,63.6449378,26.949331328734072,38.0,820.0,3.9,12.568179700000002,524.1882768470522,14.129053000000004,22.27044077741473
Romford,21.84938815356324,0,68.04112746999999,30.89276024890613,38.0,897.3,4.7,21.7706172,3838.254437859723,27.569129300000096,15.999270267840286
Romsey and Southampton North,11.425830051772044,0,47.65036828,37.73434480092772,43.0,771.6,2.2,14.0008884,193.55894145512917,11.112120700000006,13.005807598371778
Rossendale and Darwen,21.72889865076875,0,59.19040249,30.814510941463475,42.0,707.0,3.5000000000000004,4.6355284,478.5251226044579,5.658328199999996,26.03317841176025
Rother Valley,18.455585464333783,0,66.63027549,25.519780920982665,44.0,660.7,3.0,3.8515469,589.9859541524424,4.753374899999995,23.73921871828897
Rotherham,30.274558648326654,0,67.90627182,21.514582349077585,38.0,692.1,5.6000000000000005,11.4807605,1966.614080856188,15.9482162000001,34.97822707657311
Rugby,16.78434413517264,0,58.869337990000005,33.46575218434515,40.0,879.6,2.8000000000000003,18.5631239,478.24386459475136,14.298935900000098,14.418479747013352
"Ruislip, Northwood and Pinner",9.919092820284131,0,47.79650037,48.93651225484134,42.0,942.2,3.1,33.0786256,2504.156606472113,44.6491098,10.651577922904805
Runcorn and Helsby,18.14135195927548,0,53.74448879,28.77367163081449,43.0,728.0,4.0,4.9627058,467.4273189177529,3.488393700000003,27.237566455666705
Runnymede and Weybridge,13.30279982591756,0,50.05196347,40.94747154319836,41.0,966.4,2.5,20.739044,1073.4286045862782,14.521054099999995,10.787035433721629
Rushcliffe,11.002008866722084,0,41.81181883,46.23790538240871,43.0,836.8,2.0,9.0059076,367.7263425762394,11.3714125,7.166617491235671
Rutherglen,6.32002636286602,1,37.30974837,29.187103102896383,43.0,764.5,3.0,6.0307091,2243.2985124526786,6.070025899999997,23.53307870091648
Rutland and Stamford,14.426580480474298,0,51.96109057,37.15956281368628,47.0,756.9,2.1,8.3333282,100.35941687540844,7.129680300000096,10.009194409544476
Salford,15.189905299214184,0,53.76394649,37.5607259003493,30.0,670.8,5.0,25.3887777,5004.293816534842,23.2151446,37.3791412048076
Salisbury,10.433898710461802,0,47.69613924,38.43917068718216,47.0,742.3,2.4,10.7523737,136.60278587577233,5.718123600000002,14.01663233441078
Scarborough and Whitby,21.83804074986997,0,61.12430312,27.919790333394285,49.0,672.8,3.5000000000000004,6.5337404,132.5259230512754,3.2175893999999983,26.64715227930052
Scunthorpe,20.90343397096105,0,67.65987107,21.92025391787344,41.0,683.9,4.3,12.8914487,357.5362460456801,7.916372900000002,25.768696516950964
Sefton Central,12.15410229931084,0,41.81669805,35.440742962982284,49.0,861.7,2.1,3.7789186,899.4345020879447,3.0379893999999963,14.54893711301753
Selby,19.43236764048596,0,60.7427845,30.428728826898165,43.0,775.3,2.2,5.246949799999999,207.58494724502611,2.455315400000002,14.004802634839756
Sevenoaks,18.719814024329143,0,55.10591556,37.535179415016586,44.0,946.3,2.1,11.7214143,398.7216908483837,8.7467968,12.726354573662894
Sherwood Forest,23.26346074804768,0,62.44376922,26.47424143845744,42.0,747.0,3.0,4.8493811,346.6698326318148,4.869523399999998,20.156808570678567
Shipley,14.984576527337849,0,49.82717416,36.45044864404231,45.0,752.2,3.3000000000000003,6.5187633,1042.2191922763702,10.505204,19.27622230212511
Shrewsbury,14.592707525213344,0,53.02671539,34.45755028917024,44.0,717.1,2.5,7.3841959,312.1548066242435,4.390006899999999,16.088174862901152
Sittingbourne and Sheppey,25.64027513537246,0,66.20669528,21.03805461696117,40.0,745.9,3.9,8.3134239,568.755745368831,6.863751400000096,29.67110875611479
Skipton and Ripon,15.93264733395697,0,52.6433007,37.5512730273537,51.0,750.4,1.7000000000000002,5.5832953,49.32480500099366,3.085778100000003,12.414371229036542
Sleaford and North Hykeham,21.58756305981674,0,62.54377635,29.80809005101721,45.0,767.2,2.2,6.2229383,138.6695396759905,2.9320537000000035,11.89790433529962
Slough,7.745274735431397,0,53.66655799,34.854127870887645,34.0,788.0,6.3,44.409357,5903.436862168509,64.9375105,22.576103872621573
Smethwick,16.146945749679624,0,62.78567621,24.81440887673585,35.0,636.5,7.6,29.5620086,5498.05865503458,52.6011157,34.227323463249206
Solihull West and Shirley,15.250549309896112,0,52.95669153,39.93991998192283,43.0,918.4,2.9000000000000004,12.7840049,2446.0605652170843,22.5722813,11.249848017576335
South Basildon and East Thurrock,30.79218185036284,0,74.05499456,22.272648792639917,38.0,865.0,3.9,11.8866614,775.5184740011448,13.318024100000002,22.79012840018441
South Cambridgeshire,8.922292065227293,0,39.62321846,49.06673485042189,43.0,923.9,1.7999999999999998,18.6212339,185.93832131858585,13.556817899999997,9.114483947416788
South Cotswolds,9.841834490408706,0,47.97375594,39.716710266062655,48.0,824.4,1.9,8.5949428,115.0229314738607,4.746860799999997,10.074214540711244
South Derbyshire,19.63180794542712,0,61.71827304000001,31.155171292985763,41.0,806.7,2.5,6.1194679,355.2695461383191,7.034102799999998,14.889905156773713
South Devon,12.984654313933556,0,53.32561985,34.869864347374566,52.0,633.8,2.7,5.845936999999999,142.3079685895538,2.7048709999999976,18.921317067038228
South Dorset,16.6568101637539,0,60.06792212999999,28.083879611464663,50.0,698.1,3.0,6.2798496,273.71329150646267,3.163896799999999,21.883060658941787
South East Cornwall,18.89177454043745,0,55.03701518,30.678901936386964,52.0,715.3,2.8000000000000003,4.4168777,127.9559614337246,2.218575700000003,21.579726860454823
South Holland and The Deepings,23.09166122360113,0,71.35334639,21.34715253938914,46.0,686.1,3.1,13.4226822,135.0488999954744,3.651841900000097,16.746565587141
South Leicestershire,19.92834751455441,0,56.87867349,31.527176730113197,43.0,865.2,1.9,5.1323838,325.2043600787014,5.867284399999995,9.06827499296539
South Norfolk,15.294782064987192,0,47.79496599,35.18695432953852,43.0,799.0,2.0,7.4696369,188.03472832329828,5.306359699999996,12.022434618565226
South Northamptonshire,16.68994543456804,0,54.67408857,35.09640343358002,44.0,827.4,1.9,7.6841081,162.94966839895804,5.082726999999998,7.584964550975656
South Ribble,19.252996575342465,0,56.55770064,33.08393554812186,45.0,730.1,2.3,4.4737376,691.9841011496999,4.277275400000002,14.3053366852849
South Shields,22.998587877471213,0,60.27923694,27.246693031501437,44.0,650.0,5.4,5.1956992,2451.818637732049,7.202757500000001,31.244918825685808
South Shropshire,17.755019069560337,0,56.72369437,33.16985028394424,54.0,723.4,2.5,4.067470699999999,52.89007619539578,2.2834360000000054,17.7672236040739
South Suffolk,18.958627896969325,0,54.18522139,29.488090776328885,49.0,682.1,2.5,5.7284604,158.68350189005548,3.327819900000095,14.249898724412189
South West Devon,17.918532981126297,0,54.69117758000001,33.30510268896887,47.0,755.6,1.7999999999999998,4.749283999999999,249.45689728858505,2.227275900000003,11.476570995510958
South West Hertfordshire,14.071372321465578,0,51.06038673,42.6356784552948,42.0,888.1,2.8000000000000003,18.5458754,1041.901975383713,22.120089,9.888535596421471
South West Norfolk,22.460809743994588,0,66.49717998,22.285194514413657,45.0,732.1,2.7,12.0017719,92.0016712088128,3.833014800000001,22.235762966243016
South West Wiltshire,16.9814590192341,0,57.316956860000005,28.565892441933144,44.0,727.7,2.6,10.1494259,219.4628506368542,4.944407500000003,15.90556585323306
Southampton Itchen,18.009092581399628,0,59.45743445,29.199035330466,35.0,721.3,4.2,19.3905622,4499.001486691963,14.047409200000004,27.29955185769747
Southampton Test,14.693478564446306,0,50.20249364,33.43232312039448,34.0,740.2,4.8,27.7764626,4850.44308896913,22.7511648,27.89573903508772
Southend East and Rochford,18.19144643937865,0,59.9540156,25.123518097129853,40.0,707.2,5.3,12.7525699,411.1870961623573,12.4212412,27.887373757075498
Southend West and Leigh,17.614120252086526,0,58.14194122000001,28.041864981836927,42.0,898.6,3.4000000000000004,10.6429822,3808.049859610877,11.0141268,16.88973181931476
Southgate and Wood Green,6.890587024588908,0,36.48986983,42.83174904942966,39.0,853.2,7.000000000000001,46.6693578,5162.710916254058,41.6486379,22.90661815020397
Southport,16.41181561952107,0,48.87751094,31.24527842086024,48.0,754.5,3.2,8.784888399999998,537.3125073824156,4.628680799999996,20.87189670800287
Spelthorne,17.943941428757093,0,60.299599,33.58364722535448,40.0,876.7,3.4000000000000004,20.8739221,2092.4616823244664,21.3286714,14.99546810023637
Spen Valley,24.083004530176822,0,59.97342621,27.762733048640765,42.0,727.4,3.7,6.354329,1565.285167910588,11.656484700000004,22.080131434315724
St Albans,8.400821482543495,0,37.110026340000005,51.7247528788342,41.0,1155.0,2.7,19.1330765,1711.0515152165412,19.3955165,9.460159378290298
St Austell and Newquay,19.712402636309168,0,64.78510026,26.42337354640621,45.0,676.5,3.7,5.1486739,341.4322122089104,2.8109590000000018,24.283252015758247
St Helens North,22.520630528240357,0,58.27159996,26.979793794330565,42.0,740.2,3.5000000000000004,4.579474599999999,1224.7240204667964,3.107749800000004,32.10080169903807
St Helens South and Whiston,18.335743394242144,0,56.844808840000006,27.2391741743666,41.0,766.8,4.3,5.6841239,1789.064442868549,4.344087900000004,33.91342598737455
St Ives,13.495198104186588,0,54.74046024,32.376080248974844,51.0,615.7,3.5000000000000004,5.0303648,151.17600172026633,3.5047971999999983,24.16079730963144
St Neots and Mid Cambridgeshire,10.72765780416777,0,45.58121978,42.24556406148003,40.0,862.5,2.2,15.143916,321.9967516603725,10.4065164,9.656305036116304
Stafford,18.718076897998216,0,56.57830556,34.04621404264539,44.0,762.7,2.6,8.7629657,235.8120576299993,7.768602800000002,15.025872030675558
Staffordshire Moorlands,23.24373008175142,0,64.8250719,28.30574488802337,50.0,762.3,2.5,2.6155933,161.20226276556346,1.9945961000000008,15.668476012988204
Stalybridge and Hyde,20.894760868981443,0,57.91440327,26.289935743693004,40.0,694.3,4.6,7.259383,1580.683743351759,10.448577000000004,30.1589266692509
Stevenage,17.94919817394358,0,57.146909140000005,31.089703490554232,39.0,900.9,3.4000000000000004,15.6562383,1615.6608696696076,16.045675800000005,18.54521097016368
Stirling and Strathallan,6.317544493993813,1,32.62126259,39.66510413022692,44.0,860.7,2.2,9.387341199999998,41.72961768044402,4.623390000000005,14.91141041484351
Stockport,14.918847148776411,0,48.20809438,35.38725268445989,38.0,781.5,4.2,11.5903055,4289.027250102983,14.6844168,31.04314854530919
Stockton North,24.568861795139167,0,65.81456414,25.15617915260215,39.0,626.3,5.1,6.674903900000001,1140.4867084277537,8.202667500000004,34.230592559166624
Stockton West,14.048686212426498,0,54.78785621,36.78504975325621,44.0,771.3,2.0,5.266634,491.4604809104943,6.721835200000004,12.948039188958935
Stoke-on-Trent Central,24.203009436368276,0,68.51387871,22.308882015024302,35.0,635.8,6.5,16.637728499999998,3245.926626142187,19.0469024,37.33224331657956
Stoke-on-Trent North,24.409405255878283,0,71.8958796,20.792769464432435,39.0,647.5,5.6000000000000005,9.661763,2175.505844370576,12.971749799999998,32.45489449777088
Stoke-on-Trent South,21.618386986468664,0,65.27896847,25.813154215072597,43.0,716.7,3.5000000000000004,7.3013016,608.8860935467002,10.137210000000096,24.578441604475728
Stourbridge,19.73268468829931,0,63.66746006,26.97396107311941,42.0,712.3,5.0,7.479733500000001,3236.419670105852,13.286659500000098,25.72604949488645
Stratford and Bow,4.818694601128122,0,39.37477318,48.437874244325855,31.0,958.2,6.800000000000001,47.8069181,12222.54209512284,60.81560619999999,28.83076661212045
Stratford-on-Avon,14.639626881172228,0,50.69437004,39.253693964437765,49.0,830.3,2.1,9.0372783,162.85701379055655,4.686356800000002,11.876145609753609
Streatham and Croydon North,4.475568424124077,0,34.10506084,48.674207305766735,36.0,896.3,7.1,40.1459621,8756.606951249156,50.6236742,22.7834844930555
Stretford and Urmston,11.92339463501587,0,48.98070161,35.671838281432635,38.0,826.6,4.4,15.1787453,2260.8171239821163,26.515646400000005,22.861490841283445
Stroud,11.461219463609858,0,47.31165724,37.50407503071946,47.0,741.1,2.1,6.2406309,352.7763638061152,3.3732345,11.114200788746391
Suffolk Coastal,15.874299811935046,0,53.63028682,30.769617896100957,52.0,717.2,2.2,7.1580322,136.30522570364064,4.160057500000002,15.943132248374075
Sunderland Central,26.97649973721751,0,58.48951503999999,28.145601518120092,40.0,633.1,4.5,9.1413722,3418.3101247965246,10.478879500000003,31.42676334838829
Surrey Heath,13.082782288440614,0,50.97508632,38.8181183626664,42.0,915.8,2.2,16.7089604,785.3584247545136,14.534078000000097,8.272938603851372
Sussex Weald,18.13929842399593,0,54.28223079,32.73855290717714,48.0,876.8,2.2,7.546850699999999,197.53437775950923,3.7746100999999976,12.607480553112952
Sutton and Cheam,12.156030752426163,0,51.90048665,42.1398929452096,40.0,824.1,3.1,30.785225500000003,5863.883069344624,32.07003710000001,10.961926803600624
Sutton Coldfield,16.992530982972298,0,46.46082911,41.22118064352673,45.0,846.0,2.8000000000000003,10.2748686,1678.7654758502977,18.5561902,16.00432077450505
Swansea West,17.516897102953138,0,52.20108455,30.119555739134423,35.0,681.3,4.3,13.9281891,3210.4805259598925,13.417224100000002,29.884324198016607
Swindon North,17.110834371108343,0,57.43294043,26.366723662961903,39.0,770.3,3.0,15.2251504,1086.618206415148,13.2067104,18.303877620413648
Swindon South,13.827744787248292,0,53.08079241,28.499282451277896,39.0,745.8,3.7,26.8718042,3604.994912895646,25.0765165,19.647076374211803
Tamworth,25.130172650041107,0,65.67618491,24.676590250200988,42.0,761.3,3.0,6.622178400000001,541.0130723210942,5.303282899999995,18.97998555634629
Tatton,11.45851393785278,0,44.01539551,44.976773727536525,46.0,921.1,1.9,7.999870400000001,279.63911668771595,7.234332099999996,10.39564097069085
Taunton and Wellington,16.01185032011771,0,53.70399963,32.89294055261584,43.0,726.5,2.4,10.8664328,391.7408780477011,5.533366100000004,18.131992520073776
Telford,24.82199852688436,0,66.26080522,24.096473066724784,38.0,669.5,4.2,11.059495,2152.611724986482,10.999604700000098,29.30636850934267
Tewkesbury,12.361194091349224,0,53.2797054,34.976938143678524,43.0,759.5,2.3,9.4956038,313.36205001825493,6.212500300000001,12.660727508892531
The Wrekin,19.83206717313075,0,59.78646288,29.66509850372672,42.0,766.6,2.8000000000000003,10.3423172,224.18528229184315,11.039307499999996,18.204167521495748
Thirsk and Malton,17.999076249573267,0,58.10796969,32.048674129383535,51.0,694.2,2.0,5.1052291,50.28157664841107,1.9176356999999975,15.432211029864003
Thornbury and Yate,14.107969344351378,0,51.28843955,33.15207316319594,44.0,753.7,2.2,6.1805176,224.8609743315255,3.955685600000003,10.728461678130884
Thurrock,25.49656531231695,0,69.67085738,28.81651674433727,35.0,828.6,4.9,26.3777748,1749.134892289792,28.8211776,22.50328255716332
Tipton and Wednesbury,25.17739403453689,0,70.76024659,18.936525110449917,37.0,632.7,6.7,16.8178253,4276.654294349743,29.4462255,37.15099511781795
Tiverton and Minehead,16.396790970920804,0,56.47421502,30.659323530939886,51.0,694.6,2.4,5.8229982,71.55675442977135,1.869423299999995,19.431136588286524
Tonbridge,14.997615641392466,0,53.10073469,35.3307442541542,44.0,846.7,2.3,9.4915688,327.1772271511516,6.725276300000004,12.759059159177518
Tooting,4.808945469656045,0,25.47061651,61.77627692890657,32.0,1051.0,4.2,34.0868882,9634.247739653949,33.4483387,16.740397871711497
Torbay,18.779139108749863,0,62.49771878,25.236416732258764,48.0,697.9,3.7,8.0355609,1131.3124886570054,4.3033661000001056,29.381716582521378
Torfaen,21.996919198991737,0,59.78107345,26.796959248066248,42.0,757.0,3.7,3.5599508,745.5503042202632,2.9043253999999963,24.53377959557257
Torridge and Tavistock,18.00865800865801,0,58.43721248,28.503119787483783,53.0,679.1,2.8000000000000003,4.2692002,59.39061881850119,1.8021528000000009,21.761611762444744
Tottenham,3.9902361263325696,0,33.97248814,41.15045460775803,33.0,815.5,9.3,50.6740295,11599.873545298384,52.972040800000094,35.13690756800147
Truro and Falmouth,12.26126054432596,0,46.89905404,37.213035201015344,43.0,689.5,2.5,6.937687100000001,220.64046159985375,4.788791100000001,18.040795619425595
Tunbridge Wells,11.952073732718894,0,44.57483913,41.50115855676928,42.0,894.5,2.5,13.9260743,441.4266781909705,8.781514999999995,11.10861676415051
Twickenham,7.629346508809546,0,32.30591907,58.23144460746641,42.0,1079.9,2.7,25.6394781,3911.6898054512494,18.837062200000094,9.205415686818265
Tynemouth,15.267049444421495,0,46.69005443,37.50143222701753,45.0,766.6,3.3000000000000003,5.3587383,2771.2846243747745,4.862882199999996,21.2567124091782
Uxbridge and South Ruislip,14.396480376355797,0,57.84509768,38.75165300185136,36.0,871.9,4.5,32.8161134,3111.2100536650937,42.5139226,15.601424503515958
Vale of Glamorgan,15.216252782263345,0,52.87268889,34.28537938579355,43.0,788.8,3.5000000000000004,5.1211012,323.18253082140643,4.811022499999995,18.99503581018117
Vauxhall and Camberwell Green,5.416133844842284,0,24.18874643,53.28768514027231,32.0,941.8,6.5,44.0216695,13780.164841779191,51.034119200000006,27.344800825282697
Wakefield and Rothwell,20.7275678866588,0,61.73732558,27.102227085928494,39.0,728.8,4.4,13.4086423,1830.7860169522417,13.6425323,26.30045072369348
Wallasey,15.622514387311094,0,53.09346215,27.059975084534614,43.0,696.0,4.1000000000000005,4.6328698,2529.625614236016,4.3523113,34.60798423155226
Walsall and Bloxwich,19.60958296362023,0,64.95343466,23.24261518523484,34.0,633.6,8.1,21.9617721,3903.517801752132,41.284575700000005,40.11853207328833
Walthamstow,4.020320574581764,0,35.945674,46.8031957720019,35.0,924.1,7.6,40.7391069,7713.238637251178,49.51518179999999,26.89867453344597
Warrington North,23.825578781748707,0,57.78511012999999,28.240449268427813,42.0,723.2,3.1,9.1987049,1055.9626296419303,5.460280200000001,24.129104688542487
Warrington South,15.930504106941536,0,52.70555143,35.498340468517,42.0,836.6,2.4,9.9618006,1428.135984768746,7.656110000000005,15.93172999279366
Warwick and Leamington,10.476035611203708,0,41.94017686,44.51359544368914,38.0,912.3,2.7,18.6372316,1231.6242547644736,17.956799700000005,13.14123081823195
Washington and Gateshead South,29.088895491747927,0,63.2502046,22.33998498848254,43.0,673.3,4.0,3.5662414000000004,1381.692575104318,3.041388900000097,30.15396089573516
Watford,11.089866156787762,0,50.46187406,41.17613376087952,37.0,871.2,4.4,33.2244631,4730.05836558192,38.3889735,15.330335527747035
Waveney Valley,15.852217150309748,0,55.63442901,28.236201827783912,52.0,688.6,2.4,5.3587888,92.37700985983768,2.3617927999999955,17.16835273593038
Weald of Kent,20.1293579428932,0,56.01786187,32.60330146789949,47.0,760.1,2.4,7.1545209,131.13429633023188,4.218019799999995,15.790870662855276
Wellingborough and Rushden,21.498238035693987,0,64.84442457,24.004594603549773,40.0,733.3,3.9,17.306711999999997,1275.5175045487574,13.395982100000005,20.728559126007926
Wells and Mendip Hills,13.125397077509527,0,48.43837574,36.011031884837884,50.0,776.6,2.2,6.5862974,138.11475215555777,2.773019200000004,13.351728528528527
Welwyn Hatfield,13.201939944278196,0,52.75240158,37.32291475015963,37.0,863.0,3.1,22.4605859,1082.9401191837778,21.6003798,14.638401366208432
West Aberdeenshire and Kincardine,7.142857142857143,1,39.08426693,38.5328782938557,46.0,858.8,1.5,8.0151873,30.111922671076663,4.106501799999995,8.274615947936322
West Bromwich,19.46492694827445,0,67.83872418,23.96879504015008,37.0,710.9,6.7,24.145294,3241.180649324084,45.6163109,33.625324951147164
West Dunbartonshire,6.997776879547292,1,38.4407824,21.611084768979502,43.0,737.1,3.9,4.603029,505.0779868895436,3.3927771000000995,29.08548553327661
West Ham and Beckton,7.703312424342467,0,52.00163855,41.92580021168656,32.0,848.4,7.8,52.2462196,7018.498746978531,61.6006013,30.53510255234489
West Lancashire,17.89366515837104,0,54.638695010000006,29.670015373064963,42.0,737.9,3.0,6.1849588,396.88046403099867,3.2656266000000045,19.879879840889387
West Suffolk,20.846602110006284,0,63.03821208,26.57055437431935,40.0,732.5,2.4,19.3413162,162.23616389470004,9.188631000000004,17.29512377104492
West Worcestershire,14.449503538318064,0,52.56765387,38.44570438048464,51.0,784.3,2.5,5.607521500000001,145.3408995985128,3.1591912,15.576966968978669
Westmorland and Lonsdale,9.775301314275332,0,48.84229748,36.99447767475672,52.0,740.4,1.6,6.1868895,36.10542526922497,2.2436118999999977,13.797972291181091
Weston-super-Mare,18.247228119839583,0,59.71777668,27.28993756425365,42.0,666.8,3.3000000000000003,10.3964905,1365.2651673582984,5.017954099999999,24.729445838972968
Wetherby and Easingwold,13.945923190263878,0,48.03285844,40.9330452425496,49.0,784.6,1.4,5.1333591,100.14570092633004,4.094792000000003,10.74264364296684
Whitehaven and Workington,21.24043977055449,0,63.14093999,25.14806319090756,45.0,922.3,2.9000000000000004,2.8425836,172.36676213831075,1.811080399999998,26.320405951590136
Widnes and Halewood,18.519781718963166,0,54.3486498,25.24472264766598,41.0,731.1,4.0,4.4101317,1330.592176911358,3.8881115999999993,30.53011275421502
Wigan,24.08860852343578,0,61.60672674999999,26.73015131156161,41.0,695.7,4.1000000000000005,7.394743600000001,1804.2625063985424,5.315503200000005,27.84457805215745
Wimbledon,5.857961262162408,0,29.32435497,60.5102912097789,39.0,1149.9,2.9000000000000004,38.072743,4862.409331621985,31.182027,9.332594337309674
Winchester,8.404583362534165,0,39.67420983,46.440984290282216,43.0,862.0,2.0,11.6322586,190.38323819825416,6.788675600000005,9.239923796565638
Windsor,10.299252972638463,0,48.63430455,41.54581815744196,40.0,862.4,3.0,26.1186222,1033.5840236742652,26.545264300000003,11.467923992666664
Wirral West,12.856599467478128,0,39.82206441,40.7129353842806,50.0,856.9,1.7999999999999998,4.7255195,599.7880693800388,3.757376400000001,15.064006245574
Witham,19.50477244432148,0,60.35539407,27.632804106482038,43.0,819.5,2.5,6.538496100000001,248.8575129382601,5.563120899999996,13.376454983731447
Witney,12.468369444883756,0,46.98977625,37.65380631142778,41.0,766.6,2.0,10.6304268,188.50142989202985,5.187186700000002,8.644810345340728
Woking,10.152663828019524,0,43.84926025,44.7234909196081,40.0,862.4,2.6,24.1949176,1661.376654354651,21.5637897,10.854296121754484
Wokingham,9.766847534213596,0,40.94886411,47.845159304294285,42.0,962.5,1.9,15.7064448,750.9363060597487,13.579063700000004,5.732661845759454
Wolverhampton North East,23.193847817597405,0,69.7011945,21.96186677691578,37.0,660.5,6.7,16.3513036,4081.3540300139807,27.555973600000005,32.862207198608445
Wolverhampton South East,22.802708046252476,0,69.86529474999999,20.796970554310214,35.0,672.8,7.1,20.9109295,4176.0233396911,36.8187664,38.824948193520754
Wolverhampton West,13.922165975674003,0,55.64926143,31.605915663312988,39.0,761.0,7.000000000000001,25.340151,3925.138345575423,44.73121330000011,27.14515639359328
Worcester,14.603788339560344,0,53.67724331,33.72621397782892,39.0,759.9,3.6,12.7867049,3198.8636070324924,10.0039086,20.556707919227044
Worsley and Eccles,21.59227134898808,0,59.95224275,31.407589877065373,38.0,731.3,4.1000000000000005,11.1194248,1555.1200099483826,11.101718500000002,25.79585334478195
Worthing West,14.82832323470008,0,54.7668283,30.831775812192717,48.0,752.3,3.0,10.8967681,1340.523579710638,7.3597947,17.218899592722213
Wrexham,17.12778341961212,0,57.19795758,30.17601855163992,42.0,692.4,2.9000000000000004,9.1232372,347.0004212369323,4.619516300000004,20.28741524687335
Wycombe,10.683961735779734,0,48.15614659,38.28972407231208,37.0,753.0,4.9,24.835637100000003,796.3320139145403,35.131013700000004,13.955263530152912
Wyre Forest,21.44027636299216,0,63.14547474,26.083511701335095,47.0,692.9,3.3000000000000003,4.972198199999999,531.6943171922511,4.119737899999998,22.78401022795708
Wythenshawe and Sale East,15.296943677808445,0,47.68320169,33.4253728756773,37.0,706.0,4.6,16.814931,3125.2125930051834,19.9156231,34.34540078174712
Yeovil,15.682709593070763,0,59.5844904,27.46375143843498,45.0,672.8,2.6,9.6867396,318.2955860908834,4.138393200000001,18.838973482965624
York Central,10.89721395101909,0,39.17123087,38.4764316032467,32.0,743.6,2.2,14.2730205,4547.023413577715,9.737437000000003,15.2977167442173
York Outer,11.568113333072436,0,44.468741820000005,39.16495901639344,47.0,879.6,1.4,6.6847359,384.3155798652799,4.289598500000002,7.495827210250658
