constituency,population,area_sq_km,population_density
Aberafan Maesteg,92880,249.297064920361,372.56756323894507
Aberdeen North,113432,103.576997161438,1095.146635919573
Aberdeen South,118348,102.01612356234699,1160.0911293955587
Aberdeenshire North and Moray East,97086,1343.1997242407201,72.27964557160736
Airdrie and Shotts,93582,238.26423233740198,392.7656244579761
Aldershot,124531,57.0956543274918,2181.0941912620797
Aldridge-Brownhills,93971,53.2682555621872,1764.1088300760105
Alloa and Grangemouth,95256,184.80676172218298,515.4356859690924
Altrincham and Sale West,102116,50.9260484101105,2005.182086339269
Alyn and Deeside,102997,206.027307904778,499.919166286458
Amber Valley,93258,124.852608520782,746.9447463284437
Angus and Perthshire Glens,99729,5531.86755527512,18.028088887431817
Arbroath and Broughty Ferry,101496,421.351828687881,240.8818310248365
"Argyll, Bute and South Lochaber",93759,9302.13280584089,10.079301377112989
Arundel and South Downs,99148,836.320308343472,118.55266338848784
Ashfield,97640,99.2579745106049,983.6992995415998
Ashford,112689,226.251578353874,498.0694535697168
Ashton-under-Lyne,104543,29.1398596687775,3587.6288076985743
Aylesbury,116323,196.521727545853,591.9091056883733
"Ayr, Carrick and Cumnock",90526,1635.96304384376,55.3349908120819
Banbury,107187,512.58072294149,209.11242893587158
Bangor Aberconwy,94363,1435.6513379651599,65.72835444415543
Barking,142513,20.3995902023849,6986.071709584584
Barnsley North,107727,75.13776398895261,1433.7264549932431
Barnsley South,107953,75.6453993256531,1427.092737461307
Barrow and Furness,98553,726.977404963333,135.56542380429386
Basildon and Billericay,111391,61.8830577482986,1800.0241754870713
Basingstoke,115085,78.6127955828934,1463.947429253402
Bassetlaw,110743,398.513240837433,277.89039020958353
Bath,106548,73.5008293170471,1449.6162967141956
Bathgate and Linlithgow,95872,220.827537275055,434.14875328970055
Battersea,115748,9.8415146035614,11761.197809747055
Beaconsfield,99305,165.614616848846,599.6149487857958
Beckenham and Penge,109162,22.8720958747406,4772.715215860734
Bedford,114023,29.602892711723303,3851.751959187581
Belfast East,103393,55.5344037373352,1861.7828416601865
Belfast North,108643,54.1704041668015,2005.5785381527983
Belfast South and Mid Down,124323,118.797968670692,1046.5077929457143
Belfast West,103341,39.1477660117111,2639.767489390976
Bermondsey and Old Southwark,110615,9.35425671940613,11825.0977408521
"Berwickshire, Roxburgh and Selkirk",96661,3841.9318954075598,25.159477739713033
Bethnal Green and Stepney,134660,6.81557370671844,19757.691104896883
Beverley and Holderness,91881,761.6331017570651,120.63682603609696
Bexhill and Battle,92284,467.449922719769,197.4200775626681
Bexleyheath and Crayford,103552,23.1771978392944,4467.839499753457
Bicester and Woodstock,106660,448.827452591072,237.6414352202699
Birkenhead,109787,35.2883361783371,3111.141297372823
Birmingham Edgbaston,110141,29.581950352218602,3723.250113281986
Birmingham Erdington,126168,25.1730424583435,5012.028252396728
Birmingham Hall Green and Moseley,120469,19.3457563740387,6227.153783538028
Birmingham Hodge Hill and Solihull North,125440,24.6580124286652,5087.190233312344
Birmingham Ladywood,166910,25.6830554139099,6498.837358330887
Birmingham Northfield,109370,24.9242705243912,4388.092317204195
Birmingham Perry Barr,125283,24.698752073120097,5072.442511633888
Birmingham Selly Oak,109804,21.6676867891998,5067.638325597891
Birmingham Yardley,117836,19.829352198486298,5942.503760107463
Bishop Auckland,94708,1335.58654851865,70.91116641227352
Blackburn,118957,39.586514340744,3004.9879859607836
Blackley and Middleton South,115363,28.6826671470032,4022.04576752735
Blackpool North and Fleetwood,97700,51.8393163098755,1884.6699176352358
Blackpool South,112596,32.4179417023926,3473.2618447422856
Blaenau Gwent and Rhymney,95614,166.721719962509,573.4945634048214
Blaydon and Consett,93967,113.66858227586401,826.6752177127543
Blyth and Ashington,105952,89.07394305105589,1189.483662346348
Bognor Regis and Littlehampton,109075,48.506441105560306,2248.670434564137
Bolsover,105119,228.300050649567,460.4422981988479
Bolton North East,119077,41.1003583720856,2897.225345871298
Bolton South and Walkden,130467,33.5441250837708,3889.4143065046605
Bolton West,102636,77.4454536226044,1325.2682397620188
Bootle,104269,27.8770413247452,3740.3180195971904
Boston and Skegness,117686,893.395803233963,131.72884803576846
Bournemouth East,108539,26.414234011966702,4109.110260431081
Bournemouth West,112281,26.5716037917824,4225.601167315474
Bracknell,105396,46.94340105612179,2245.171794732063
Bradford East,123969,27.5875644086609,4493.655118067651
Bradford South,112212,44.1279913272705,2542.875771702178
Bradford West,127065,35.2445448319092,3605.2387853498312
Braintree,108544,516.711623212601,210.06688281006515
"Brecon, Radnor and Cwm Tawe",92503,3098.2319098762396,29.856706241107393
Brent East,137143,18.240495586723302,7518.600541743076
Brent West,144844,18.7007428491974,7745.360768180202
Brentford and Isleworth,132350,23.0800352581787,5734.3933195725995
Brentwood and Ongar,100663,316.20573244514503,318.3465373053061
Bridgend,96925,123.577081385925,784.3282825017376
Bridgwater,103600,337.903815212822,306.59612391398895
Bridlington and The Wolds,95271,952.0638668555761,100.06786657564875
Brigg and Immingham,93089,505.363350988998,184.2021187682575
Brighton Kemptown and Peacehaven,98152,42.8629171293068,2289.904807549606
Brighton Pavilion,105217,28.8790747719688,3643.364644844089
Bristol Central,101154,10.9341723062553,9251.180351541661
Bristol East,114286,22.0192589367714,5190.2745831807415
Bristol North East,102663,21.4565774310265,4784.686669158517
Bristol North West,112745,167.27810094614,673.9973694243546
Bristol South,107944,22.3992321163826,4819.093772462437
Broadland and Fakenham,97108,720.801850896194,134.7221845771661
Bromley and Biggin Hill,99266,46.5046267714615,2134.5403004269797
Bromsgrove,101685,216.97246473438298,468.6539378371466
Broxbourne,111302,86.6479631149445,1284.531061074687
Broxtowe,97960,60.723960049148594,1613.2017727551595
Buckingham and Bletchley,110790,396.232344867355,279.60867262638214
Burnley,114851,119.582006201813,960.4371397329737
Burton and Uttoxeter,118018,243.35232908842502,484.9676205774744
Bury North,105497,58.0801273434601,1816.4044196414645
Bury South,110558,44.655579356491096,2475.793654302447
Bury St Edmunds and Stowmarket,108700,402.46788972633396,270.08365828616223
Caerfyrddin,95366,2040.7115071553199,46.73174021198952
Caerphilly,96965,140.547195458267,689.9106003775937
"Caithness, Sutherland and Easter Ross",96009,11797.1031764485,8.13835384534658
Calder Valley,99580,302.468706604736,329.22414063194464
Camborne and Redruth,102128,275.441030745951,370.7799078569244
Cambridge,127325,32.3556272068329,3935.1732910654673
Cannock Chase,104088,78.8747326186447,1319.6621597851895
Canterbury,110138,242.87214812074302,453.48139279126104
Cardiff East,114887,32.8834511275864,3493.763460357105
Cardiff North,97998,49.4599791527328,1981.359508813811
Cardiff South and Penarth,112662,60.4331341168137,1864.2422182213977
Cardiff West,107475,62.874309022190104,1709.3627217766968
Carlisle,107219,915.925406476807,117.06084277367951
Carshalton and Wallington,107379,25.5741968164368,4198.724236414198
Castle Point,92595,76.6724348985138,1207.6700071226621
Central Ayrshire,87093,237.37667216871603,366.8978893515638
Central Devon,97093,1374.78455056641,70.62415704336928
Central Suffolk and North Ipswich,96582,548.399576824158,176.11610964274797
Ceredigion Preseli,95329,2468.45066882757,38.61896095548793
Chatham and Aylesford,109309,56.264944875473,1942.7549470087538
Cheadle,98780,39.369117194549595,2509.073279745157
Chelmsford,111606,33.4372246216965,3337.777021349491
Chelsea and Fulham,122271,10.227589498909,11955.016381234595
Cheltenham,102658,35.2922065505676,2908.8008383071465
Chesham and Amersham,101628,145.395995041512,698.9738608067174
Chester North and Neston,98180,115.57972420692401,849.456949942422
Chester South and Eddisbury,98252,754.928914258842,130.14735314047383
Chesterfield,95716,47.3627833896942,2020.9116346153573
Chichester,109427,316.550717225136,345.6855222418395
Chingford and Woodford Green,109870,22.7477829289474,4829.921243014252
Chippenham,101150,273.369574971882,370.01191522649873
Chipping Barnet,116131,40.216938005722,2887.6141685246416
Chorley,104093,136.701924139725,761.4596550492226
Christchurch,88284,114.450370024529,771.373652886216
Cities of London and Westminster,131247,19.423685073722798,6757.059718681118
City of Durham,103412,215.539568642685,479.7819753060437
Clacton,103017,216.276944120491,476.3198426856251
Clapham and Brixton Hill,103651,7.61112776508331,13618.349763553791
Clwyd East,96953,677.86276324041,143.02747585150178
Clwyd North,101344,170.929080315674,592.9008674991792
Coatbridge and Bellshill,96574,68.81812454354859,1403.3221718921923
Colchester,119956,42.26350543853,2838.287992331104
Colne Valley,95311,172.277477893066,553.2412081117202
Congleton,96644,211.44896133298502,457.0559221040922
Corby and East Northamptonshire,120984,521.856336308044,231.83391976404968
Coventry East,125325,28.7802255689316,4354.5523887515665
Coventry North West,111692,38.5249109548569,2899.215007424146
Coventry South,132009,31.34436390168,4211.57055265443
Cowdenbeath and Kirkcaldy,95660,153.75546873971598,622.1567322716661
Cramlington and Killingworth,101016,98.9055452697296,1021.33808296102
Crawley,124008,44.9452792575836,2759.088430384514
Crewe and Nantwich,117420,89.9403438300171,1305.5320337880642
Croydon East,111995,26.4271696598892,4237.87342501473
Croydon South,105891,37.6530302276382,2812.283615948486
Croydon West,131983,14.4779778988037,9116.121113218831
Cumbernauld and Kirkintilloch,90827,142.499023014969,637.3868260869336
Dagenham and Rainham,127838,41.9254177561569,3049.1765339947397
Darlington,101267,113.309139807938,893.7231380597386
Dartford,117149,65.4077885735703,1791.0558139147524
Daventry,109214,780.608296136078,139.90883845405799
Derby North,109165,29.5048365634918,3699.9018708368903
Derby South,125397,31.2178435791168,4016.837347595797
Derbyshire Dales,91388,907.695280514641,100.68136516936084
Dewsbury and Batley,106850,54.2617975014801,1969.1570298069364
Didcot and Wantage,115695,402.309113211693,287.57737819158444
Doncaster Central,118550,111.792055890076,1060.4510227146106
Doncaster East and the Isle of Axholme,96228,420.049837164474,229.08710225810927
Doncaster North,99193,240.53757162095602,412.38048314676735
Dorking and Horley,97333,280.545372052498,346.94209812802126
Dover and Deal,105667,220.893141080322,478.3625217298031
Droitwich and Evesham,106710,401.43710136359397,265.8199743808669
Dudley,104687,28.335823711440998,3694.5105625332894
Dulwich and West Norwood,105259,14.455069854431201,7281.805004057649
Dumfries and Galloway,96207,4107.94723360207,23.419726332667743
"Dumfriesshire, Clydesdale and Tweeddale",87811,4465.51221224055,19.664261528453245
Dundee Central,106001,41.9259673251343,2528.289906299984
Dunfermline and Dollar,96634,279.093736149643,346.24209533741487
Dunstable and Leighton Buzzard,118490,78.5609925549088,1508.2548749264279
Dwyfor Meirionnydd,96120,2620.46894355965,36.6804576090226
Ealing Central and Acton,139040,20.4799688554764,6789.072824337832
Ealing North,134468,22.9646070004654,5855.445294460074
Ealing Southall,132243,16.1792287671967,8173.628168737064
Earley and Woodley,111218,48.9588332121658,2271.6636141639788
Easington,96193,149.53349103840603,643.2873286914294
East Antrim,97516,848.165278476051,114.97287436148389
East Grinstead and Uckfield,101008,381.99498273512603,264.4223211435177
East Ham,136432,10.021076756530801,13614.505039200141
East Hampshire,92992,513.975403150246,180.92694597841765
East Kilbride and Strathaven,100885,304.594869858261,331.21043715196333
East Londonderry,103583,1291.2208922227298,80.2209758406948
East Renfrewshire,99830,174.247283798935,572.9214127388892
East Surrey,102392,259.827040468147,394.0775364085038
East Thanet,106234,38.1425712565002,2785.181924039685
East Wiltshire,104499,1052.95493457068,99.24356358385579
East Worthing and Shoreham,100078,57.3048207578964,1746.415025409701
Eastbourne,104259,45.3634635138435,2298.3033464405435
Eastleigh,96778,51.072414775901805,1894.9172547381504
Edinburgh East and Musselburgh,120273,33.6682614709625,3572.2961253502963
Edinburgh North and Leith,110177,20.3956497569885,5401.985291606031
Edinburgh South,100635,31.1139780173798,3234.3983769541396
Edinburgh South West,109607,89.9466246285248,1218.5782451834252
Edinburgh West,102540,107.556645589127,953.3581066827717
Edmonton and Winchmore Hill,125096,21.932135822067302,5703.776459114075
Ellesmere Port and Bromborough,99518,59.6410141653976,1668.6168300896893
Eltham and Chislehurst,113218,30.7092647163544,3686.770134216372
Ely and East Cambridgeshire,111705,727.094990678497,153.6319207697487
Enfield North,127513,40.6081679072647,3140.0825639609375
Epping Forest,104747,126.25997053050999,829.613689595219
Epsom and Ewell,110835,58.221250523025496,1903.6863517070399
Erewash,96711,60.053252288604696,1610.4206902104988
Erith and Thamesmead,139591,29.432600784233102,4742.734120688995
Esher and Walton,105649,47.6316285114365,2218.042995834865
Exeter,105975,33.882522456657405,3127.7187268322023
Exmouth and Exeter East,109223,252.64811170996902,432.3127501755647
Falkirk,97557,201.926411476181,483.13145014963885
Fareham and Waterlooville,101183,98.8833610857582,1023.2560755317309
Farnham and Bordon,105075,169.39888836581798,620.2815202251497
Faversham and Mid Kent,104995,384.581718703857,273.0108970178332
Feltham and Heston,140412,28.020636172676102,5011.021132236841
Fermanagh and South Tyrone,112838,2565.77686865338,43.978103232032716
Filton and Bradley Stoke,117188,45.301021031349194,2586.873260955942
Finchley and Golders Green,130032,20.946980086998,6207.6728702631535
Folkestone and Hythe,93782,242.387297923035,386.90971351881035
Forest of Dean,94516,620.161732702156,152.40540493876787
Foyle,99212,121.184312386732,818.6868254315592
Frome and East Somerset,94068,475.916481936741,197.656529181739
Fylde,101421,190.32503151460298,532.8831378242452
Gainsborough,99208,1157.6530233559101,85.69752594124171
Gateshead Central and Whickham,102168,42.259618732086196,2417.627112249064
Gedling,103187,63.9571882463074,1613.3761165768187
Gillingham and Rainham,106621,41.8046361274643,2550.4587499555687
Glasgow East,103540,28.4344492298431,3641.357677198495
Glasgow North,117109,28.0532337516937,4174.527651127906
Glasgow North East,112754,39.6061241598206,2846.8829604484763
Glasgow South,93837,26.7446553138428,3508.626261914499
Glasgow South West,100576,29.990803401275603,3353.56137860989
Glasgow West,103949,19.1062987696838,5440.561840524401
Glastonbury and Somerton,94018,694.21411677964,135.4308385950664
Glenrothes and Mid Fife,93722,174.00105280311598,538.6289248838478
Gloucester,122420,36.108522960624704,3390.335299327958
Godalming and Ash,102165,345.038619200027,296.0972897377976
Goole and Pocklington,108507,739.028553291321,146.82382638229018
Gordon and Buchan,92955,2079.53529273807,44.69989055949542
Gorton and Denton,119094,22.704420424697897,5245.4102669121385
Gosport,97447,38.9616748588982,2501.0988452860292
Gower,99066,344.69016022846597,287.4059414238501
Grantham and Bourne,101886,752.0035197141569,135.48606798905377
Gravesham,110671,104.94813787551101,1054.5303827236785
Great Grimsby and Cleethorpes,108309,40.4934534668579,2674.72864690699
Great Yarmouth,100529,182.62726843112202,550.4599661573243
Greenwich and Woolwich,123686,17.333708053009,7135.576509177968
Guildford,106711,126.100901092148,846.2350314374132
Hackney North and Stoke Newington,117415,9.0212925931015,13015.318901172343
Hackney South and Shoreditch,117917,8.06709972053528,14617.0252116551
Halesowen,97115,30.7976353636932,3153.3265087775926
Halifax,111349,61.493293605545,1810.750302533143
Hamble Valley,108189,100.631841776417,1075.0970874643576
Hamilton and Clyde Valley,99369,257.45753318743897,385.96268196066166
Hammersmith and Chiswick,118478,13.183915790252701,8986.556185954605
Hampstead and Highgate,117711,15.2642508129349,7711.547814731392
"Harborough, Oadby and Wigston",108600,166.14442066944102,653.6481909077722
Harlow,116250,153.341977991814,758.1094330621319
Harpenden and Berkhamsted,96779,248.285365403328,389.78938546292096
Harrogate and Knaresborough,105723,133.51152785347,791.8642060334436
Harrow East,121718,24.9839514559021,4871.847442340666
Harrow West,127794,17.4836479791565,7309.344145589771
Hartlepool,98180,98.4549416870728,997.2074363931201
Harwich and North Essex,102303,352.457850370575,290.2559834954404
Hastings and Rye,105194,146.64156475595502,717.3545929836932
Havant,97335,70.80145908774189,1374.7598037404282
Hayes and Harlington,141145,45.0360138968124,3134.0473498252936
Hazel Grove,96717,61.4022792897186,1575.1369675326468
Hemel Hempstead,108100,57.378910111404394,1883.9674680142537
Hendon,139299,22.845064847160298,6097.553276033499
Henley and Thame,98899,548.787070931244,180.21379372545528
Hereford and South Herefordshire,98282,741.051488092773,132.62506260252727
Herne Bay and Sandwich,102520,248.058884768364,413.2889660280969
Hertford and Stortford,111685,121.431157990776,919.739232071588
Hertsmere,107865,119.75826472200801,900.6894033608824
Hexham,96315,2775.5210745493496,34.70159203011575
Heywood and Middleton North,106043,71.75017106121831,1477.947695895004
High Peak,91959,540.2500495115661,170.21562530746473
Hinckley and Bosworth,101237,290.010410777252,349.08057172387856
Hitchin,105041,227.04742801161998,462.63902181100303
Holborn and St Pancras,111853,9.283405458992,12048.703516623638
Honiton and Sidmouth,93690,648.586978390196,144.45248381726717
Hornchurch and Upminster,111519,56.777539026825,1964.1393746796944
Hornsey and Friern Barnet,101598,13.9242419369507,7296.483389188306
Horsham,108700,311.18108361607,349.3142922984105
Houghton and Sunderland South,106116,69.1323873614502,1534.9679658129774
Hove and Portslade,104152,24.119505333622,4318.164844567299
Huddersfield,118939,49.0939820613098,2422.6798276714644
Huntingdon,114378,591.063469897476,193.51221285903466
Hyndburn,98266,90.2367042594299,1088.9803745212805
Ilford North,124236,27.248707297286998,4559.335554695084
Ilford South,138320,15.226679483940101,9084.055400646543
Inverclyde and Renfrewshire West,90061,207.808118803558,433.3853774266399
"Inverness, Skye and West Ross-shire",105490,9688.36495940469,10.88831814676828
Ipswich,115126,32.303640975433304,3563.8707131357896
Isle of Wight East,69387,121.334589817755,571.8649570927756
Isle of Wight West,72273,270.563547780594,267.1202406711779
Islington North,111022,7.38134111165619,15040.898167499729
Islington South and Finsbury,121361,8.06859065987396,15041.164574569679
Jarrow and Gateshead East,96434,43.64835545961,2209.3386791911366
Keighley and Ilkley,101455,164.531001561066,616.6315103986332
Kenilworth and Southam,100362,665.007791604309,150.91853248498043
Kensington and Bayswater,132388,11.512606852615399,11499.393811917107
Kettering,115012,258.915459480835,444.20677015816904
Kilmarnock and Loudoun,97231,701.840591875122,138.5371566215997
Kingston and Surbiton,118904,26.039488129737897,4566.295597193709
Kingston upon Hull East,104318,37.7349094765625,2764.4958328253806
Kingston upon Hull North and Cottingham,121649,37.268240494384806,3264.1465866447015
Kingston upon Hull West and Haltemprice,109659,43.912104785125706,2497.238529935934
Kingswinford and South Staffordshire,90820,185.898966582916,488.5449428224326
Knowsley,99058,51.2097045398178,1934.3599204517582
Lagan Valley,113533,543.0726309666329,209.05675139238534
Lancaster and Wyre,100770,448.773343426834,224.54542248548034
Leeds Central and Headingley,115823,20.4145843400421,5673.541918402887
Leeds East,118364,58.0660536524506,2038.4371341723618
Leeds North East,98263,39.4052041720276,2493.6553956432363
Leeds North West,95167,85.5519362194672,1112.3886168498536
Leeds South,132173,38.422121471618695,3440.02347964134
Leeds South West and Morley,98405,56.7941145341492,1732.6619282149557
Leeds West and Pudsey,102721,35.1794202731323,2919.9173608455244
Leicester East,127904,21.472646083725003,5956.601692277864
Leicester South,124777,19.1844217833405,6504.079268542496
Leicester West,135667,32.6800480873337,4151.370880405238
Leigh and Atherton,115520,53.1568667077789,2173.1905425323903
Lewes,97384,359.12560581835197,271.1697479161579
Lewisham East,117847,15.8664636260605,7427.426979156056
Lewisham North,117247,12.0675523866577,9715.889042224693
Lewisham West and East Dulwich,99311,11.430835200325,8687.991582380298
Leyton and Wanstead,116726,17.2244041416626,6776.780145193047
Lichfield,101003,317.044138925751,318.57709258474586
Lincoln,119443,63.932670937561,1868.2623179728002
Liverpool Garston,94876,46.420411614059404,2043.842281899646
Liverpool Riverside,131612,26.6081259676971,4946.308513413538
Liverpool Walton,102441,25.3527743033524,4040.6228830922937
Liverpool Wavertree,107913,23.5635562408447,4579.656775786046
Liverpool West Derby,101144,18.7697301016693,5388.676312985698
Livingston,106249,243.97735300853,435.4871412851393
Llanelli,95434,398.795573642197,239.30556482460923
Lothian East,102628,689.793518589996,148.78075428974958
Loughborough,103234,122.48176931031799,842.8519654908632
Louth and Horncastle,98577,1334.92876624895,73.84438967256207
Lowestoft,95463,113.049693857086,844.4339541571995
Luton North,119593,21.923645193718002,5454.977899125468
Luton South and South Bedfordshire,134115,100.689093410599,1331.9714723529573
Macclesfield,98756,301.697117744156,327.33491369893255
Maidenhead,110380,182.376774363907,605.2305749182314
Maidstone and Malling,115913,51.892495975029,2233.714101086563
Makerfield,105450,56.9473900508575,1851.709093354879
Maldon,103246,443.363100514275,232.87007845317018
Manchester Central,138945,27.5671537728577,5040.237419678909
Manchester Rusholme,120950,14.8251125440216,8158.454085313133
Manchester Withington,92760,18.174620401519803,5103.820489821245
Mansfield,106964,70.8554390536804,1509.6088801166497
Melksham and Devizes,95301,417.569303805836,228.2279830710776
Melton and Syston,97716,569.722930864624,171.51494999807022
Meriden and Solihull East,100784,133.669945451546,753.9765177545702
Merthyr Tydfil and Aberdare,100531,245.244935262123,409.9207997610647
Mid Bedfordshire,107279,347.46595042976395,308.74679912466746
Mid Buckinghamshire,103361,541.645796350639,190.82766024660216
Mid Cheshire,98761,105.053947575668,940.0979428104276
Mid Derbyshire,88822,142.310194796799,624.1436189924875
Mid Dorset and North Poole,97747,312.34359454198096,312.9470291949982
Mid Dunbartonshire,96511,153.725761763596,627.8127939832066
Mid Leicestershire,104533,137.701424621582,759.1279486560701
Mid Norfolk,99573,838.9816128603669,118.68317311570462
Mid Sussex,103756,165.92260689579,625.3276870533103
Mid Ulster,106815,1311.07435806847,81.4713516000453
Mid and South Pembrokeshire,103031,989.2979319002629,104.14557301468935
Middlesbrough South and East Cleveland,96154,196.964329336914,488.17976495391406
Middlesbrough and Thornaby East,121218,36.1556792781677,3352.668306060466
Midlothian,99880,355.272032875488,281.13668050815835
Milton Keynes Central,136669,65.7967088366547,2077.140367906412
Milton Keynes North,104281,221.359047131744,471.0943661495622
Mitcham and Morden,126180,18.6827325272598,6753.830030799399
Monmouthshire,94930,886.024165253761,107.14154728817317
Montgomeryshire and Glyndwr,99718,2386.9294198116004,41.776685633155715
"Moray West, Nairn and Strathspey",101135,4747.659219609511,21.302076522737078
Morecambe and Lunesdale,99811,903.851634207504,110.42852191943444
"Motherwell, Wishaw and Carluke",99930,214.59620400740098,465.66527335475894
Na h-Eileanan an Iar,26020,3273.1190219322198,7.949603978849391
Neath and Swansea East,102011,220.131854048889,463.40862589266345
New Forest East,91095,414.47930613953,219.7817807804712
New Forest West,85021,360.629053232155,235.75748886007727
Newark,109963,774.6247943113559,141.95646822505532
Newbury,100351,396.74142995848797,252.9380408053174
Newcastle upon Tyne Central and West,140482,33.3062687952881,4217.884652989837
Newcastle upon Tyne East and Wallsend,120018,28.0558595268707,4277.822958339661
Newcastle upon Tyne North,112244,32.3312620721283,3471.686312448712
Newcastle-under-Lyme,96580,102.737571354187,940.0650485209659
Newport East,116957,142.269589014801,822.0801143091261
Newport West and Islwyn,103101,154.10275280962,669.0406116714342
Newry and Armagh,112425,921.5656403711849,121.9934805237724
Newton Abbot,94947,201.935082125151,470.1857597044766
Newton Aycliffe and Spennymoor,98579,246.51209764006,399.89518138756125
Normanton and Hemsworth,106733,154.81695448034702,689.4141559511755
North Antrim,104384,1136.87279668604,91.81678047383765
North Ayrshire and Arran,92900,833.7968932800601,111.41802128158837
North Bedfordshire,108198,584.8595975512919,184.99824650737835
North Cornwall,100832,1295.3868391721699,77.83929630197395
North Cotswolds,97068,1032.82195414283,93.9832849317767
North Devon,101222,1104.6341441777001,91.6339591108245
North Dorset,95740,796.702680254774,120.17029987822274
North Down,98549,118.837864705208,829.2727258644621
North Durham,97555,229.750044510284,424.6136282930438
North East Cambridgeshire,104896,547.345632593781,191.6449017833852
North East Derbyshire,95629,226.322428075882,422.53434983446385
North East Fife,92380,824.445009605942,112.051136126295
North East Hampshire,104791,327.340166192028,320.12875541379884
North East Hertfordshire,105503,502.26535956035605,210.054302953222
North East Somerset and Hanham,97419,209.464576980019,465.0857982984535
North Herefordshire,92765,1438.63685121553,64.48117877810596
North Norfolk,86929,796.225171074692,109.17640280408241
North Northumberland,93814,2185.68430047345,42.9220267445205
North Shropshire,103257,772.653925000725,133.6393910118338
North Somerset,95778,198.89919320744698,481.54041479748935
North Warwickshire and Bedworth,96900,266.501370301758,363.60038183023477
North West Cambridgeshire,120838,388.28384607833897,311.2104745547928
North West Essex,110257,621.4483308049771,177.41941611973024
North West Hampshire,112627,446.29387694643003,252.36062114631915
North West Leicestershire,106245,236.88964867282098,448.49996863619725
North West Norfolk,103364,911.900496794159,113.35008629053537
Northampton North,133743,30.8648444601898,4333.182374286864
Northampton South,114719,49.9323936169662,2297.486495039973
Norwich North,101920,42.055931979034405,2423.439339087976
Norwich South,108798,30.2410536317749,3597.6921083756056
Nottingham East,125727,21.6773816119385,5799.91634832676
Nottingham North and Kimberley,109887,40.028405463348406,2745.225514931313
Nottingham South,112068,32.3152493948517,3467.960238544658
Nuneaton,105402,83.01344476557159,1269.6979422749323
Old Bexley and Sidcup,103301,26.9840544422836,3828.2238208847116
Oldham East and Saddleworth,112010,104.409906549835,1072.7909228281653
"Oldham West, Chadderton and Royton",117632,30.8388124592285,3814.4140652471424
Orkney and Shetland,45210,2744.02230927744,16.475813570154525
Orpington,99505,67.8698454677429,1466.1150222788206
Ossett and Denby Dale,94656,140.52510013732902,673.5878494838064
Oxford East,120232,28.049465574478102,4286.427478653916
Oxford West and Abingdon,109402,107.597068656639,1016.7749118623376
Paisley and Renfrewshire North,97503,89.3266485855865,1091.5331711631327
Paisley and Renfrewshire South,95504,149.50660625793498,638.7945147736987
Peckham,111865,8.123376564270021,13770.751499078433
Pendle and Clitheroe,114372,236.959404700211,482.66495328470984
Penistone and Stocksbridge,90420,293.792904367096,307.76781418457836
Penrith and Solway,99608,2031.9798360387001,49.02017147679162
Perth and Kinross-shire,102100,1450.79542027974,70.37518768863583
Peterborough,132644,172.397144005508,769.409497849698
Plymouth Moor View,101837,35.198309510685895,2893.2355393114317
Plymouth Sutton and Devonport,113420,21.7946673028593,5204.025297744285
"Pontefract, Castleford and Knottingley",105210,73.51367705310061,1431.162257385172
Pontypridd,104827,141.744382204399,739.5495918055984
Poole,99397,40.050296658538805,2481.8043383658273
Poplar and Limehouse,149371,10.946573613136302,13645.45704244378
Portsmouth North,103518,43.164069093036694,2398.2447015566404
Portsmouth South,110803,16.988035155944797,6522.414098091007
Preston,124602,41.036270356033306,3036.38705269619
Putney,113653,14.1381440891876,8038.749589977526
Queen's Park and Maida Vale,124662,7.61998114424133,16359.88300236296
Rawmarsh and Conisbrough,96470,100.509879963089,959.8061408035448
Rayleigh and Wickford,99804,68.720970093071,1452.3077870529514
Reading Central,122660,25.7545052201691,4762.661870278967
Reading West and Mid Berkshire,97093,313.733041757454,309.4764882146596
Redcar,95623,82.2923674785919,1161.9911169146521
Redditch,99868,188.068762909599,531.0185405324573
Reigate,113609,87.5570075941086,1297.543202100529
Rhondda and Ogmore,101203,199.830085769562,506.4452612841503
Ribble Valley,108574,648.9119127615201,167.31700846413918
Richmond Park,112235,36.5083102732849,3074.2315697401204
Richmond and Northallerton,94693,1902.13140949434,49.78257523499549
Rochdale,108019,79.71364622546389,1355.0879318012453
Rochester and Strood,109506,208.90585470295,524.1882768470522
Romford,114165,29.743989578674302,3838.254437859723
Romsey and Southampton North,103718,535.84711313398,193.55894145512914
Rossendale and Darwen,104420,218.212158708984,478.5251226044579
Rother Valley,94085,159.46989811843898,589.9859541524424
Rotherham,114818,58.3835949908447,1966.6140808561881
Rugby,116998,244.640880231972,478.24386459475136
"Ruislip, Northwood and Pinner",101288,40.447949516502405,2504.156606472113
Runcorn and Helsby,95187,203.640215596275,467.4273189177529
Runnymede and Weybridge,109665,102.16329202655,1073.4286045862782
Rushcliffe,106531,289.701845273468,367.7263425762394
Rutherglen,93023,41.46706266848749,2243.2985124526786
Rutland and Stamford,96350,960.049420370926,100.35941687540844
Salford,138841,27.7443741495056,5004.293816534842
Salisbury,94654,692.914126115108,136.60278587577233
Scarborough and Whitby,98856,745.937079508224,132.5259230512754
Scunthorpe,106865,298.892772919998,357.5362460456801
Sefton Central,93352,103.789658705879,899.4345020879447
Selby,105353,507.517531488663,207.58494724502614
Sevenoaks,101230,253.886363153725,398.7216908483837
Sheffield Brightside and Hillsborough,115336,28.3441221003418,4069.132908463204
Sheffield Central,99522,12.6715973128052,7853.942762166905
Sheffield Hallam,94948,136.42954635067701,695.948953432321
Sheffield Heeley,111222,27.9401639287109,3980.721096833291
Sheffield South East,107135,47.0471027556763,2277.1859205947385
Sherwood Forest,107420,309.86255476716605,346.6698326318148
Shipley,98904,94.89750403077701,1042.2191922763702
Shrewsbury,104230,333.90483756179,312.1548066242435
Sittingbourne and Sheppey,116581,204.97551180673997,568.755745368831
Skipton and Ripon,100269,2032.8311485059098,49.32480500099366
Sleaford and North Hykeham,99687,718.881740235992,138.66953967599053
Slough,145376,24.625655087738,5903.436862168509
Smethwick,119808,21.7909643234329,5498.05865503458
Solihull West and Shirley,95881,39.1981299904938,2446.0605652170843
South Antrim,108523,795.299395443607,136.45552935378177
South Basildon and East Thurrock,104512,134.76403658160402,775.5184740011448
South Cambridgeshire,109509,588.9533648761291,185.93832131858582
South Cotswolds,96434,838.38934344944,115.0229314738607
South Derbyshire,103362,290.939657292656,355.2695461383191
South Devon,92299,648.5863083760951,142.3079685895538
South Dorset,100592,367.50864178484704,273.71329150646267
South Down,106164,1121.8008202038,94.63712103607925
South East Cornwall,93053,727.226765813465,127.9559614337246
South Holland and The Deepings,114249,845.9824552723389,135.04889999547441
South Leicestershire,107867,331.689894852257,325.2043600787014
South Norfolk,98383,523.217178429108,188.03472832329828
South Northamptonshire,103180,633.2016567678991,162.94966839895804
South Ribble,98128,141.806726248428,691.9841011496999
South Shields,90422,36.8795630347443,2451.818637732049
South Shropshire,96401,1822.66706600797,52.89007619539578
South Suffolk,97033,611.487639510437,158.68350189005548
South West Devon,99686,399.612121707254,249.45689728858503
South West Hertfordshire,101223,97.1521336858215,1041.901975383713
South West Norfolk,106800,1160.84847804123,92.00167120881281
South West Wiltshire,99098,451.547948604649,219.4628506368542
Southampton Itchen,114013,25.3418453710785,4499.001486691963
Southampton Test,114034,23.5100171073723,4850.44308896913
Southend East and Rochford,102160,248.451376401321,411.18709616235725
Southend West and Leigh,105018,27.5778952145157,3808.0498596108773
Southgate and Wood Green,127670,24.7292560189743,5162.710916254058
Southport,99881,185.889959060478,537.3125073824156
Spelthorne,107074,51.1713074148407,2092.4616823244664
Spen Valley,97202,62.0985888020325,1565.285167910588
St Albans,102137,59.692533562950096,1711.0515152165412
St Austell and Newquay,101984,298.694722856435,341.4322122089104
St Helens North,102642,83.80826887095641,1224.7240204667964
St Helens South and Whiston,98254,54.9192067349243,1789.064442868549
St Ives,89575,592.521292934762,151.17600172026633
St Neots and Mid Cambridgeshire,112677,349.932101547554,321.9967516603725
Stafford,98172,416.314589621353,235.81205762999932
Staffordshire Moorlands,85882,532.75927103392,161.20226276556346
Stalybridge and Hyde,99949,63.2314973949585,1580.683743351759
Stevenage,102464,63.4192496231918,1615.6608696696076
Stirling and Strathallan,103994,2492.09088845152,41.72961768044402
Stockport,108432,25.2812569557343,4289.027250102983
Stockton North,104884,91.96424581272889,1140.4867084277537
Stockton West,95532,194.383889876587,491.46048091049425
Stoke-on-Trent Central,119339,36.7657725343704,3245.926626142187
Stoke-on-Trent North,104243,47.91667200975041,2175.505844370576
Stoke-on-Trent South,96710,158.831021146622,608.8860935467002
"Stone, Great Wyrley and Penkridge",96350,415.01983843743096,232.15757676250428
Stourbridge,94792,29.2891558148575,3236.4196701058518
Strangford,99379,786.550314193054,126.34792486473793
Stratford and Bow,138009,11.2913499438934,12222.54209512284
Stratford-on-Avon,102437,628.999621298103,162.85701379055655
Streatham and Croydon North,120754,13.790044554046599,8756.606951249156
Stretford and Urmston,105820,46.8060856747284,2260.8171239821163
Stroud,99374,281.691207789124,352.77636380611517
Suffolk Coastal,95308,699.224842686676,136.30522570364064
Sunderland Central,104783,30.6534504402924,3418.3101247965246
Surrey Heath,102466,130.470364575294,785.3584247545136
Sussex Weald,95101,481.440248926098,197.53437775950923
Sutton Coldfield,96774,57.6459317231216,1678.7654758502977
Sutton and Cheam,107146,18.2721924589767,5863.883069344624
Swansea West,112825,35.1427143344116,3210.4805259598925
Swindon North,111224,102.35793891852599,1086.618206415148
Swindon South,117724,32.655801975997896,3604.994912895646
Tamworth,103687,191.653409695175,541.0130723210942
Tatton,101179,361.81990988403305,279.63911668771595
Taunton and Wellington,112724,287.75143549424,391.7408780477011
Telford,110885,51.5118442926331,2152.611724986482
Tewkesbury,100835,321.78433857618,313.36205001825493
The Wrekin,113634,506.87537932160905,224.18528229184315
Thirsk and Malton,99866,1986.13501518266,50.28157664841107
Thornbury and Yate,102839,457.34481185863103,224.8609743315255
Thurrock,124793,71.34555519422149,1749.1348922897919
Tipton and Wednesbury,117414,27.454639051635702,4276.654294349743
Tiverton and Minehead,93065,1300.57603564647,71.55675442977135
Tonbridge,99120,302.95507075193797,327.17722715115156
Tooting,108254,11.2363728778152,9634.247739653947
Torbay,104727,92.57124008621409,1131.3124886570054
Torfaen,94119,126.24097859960601,745.5503042202632
Torridge and Tavistock,97655,1644.2832545395,59.39061881850119
Tottenham,138441,11.9346990688629,11599.873545298384
Truro and Falmouth,98083,444.537684923267,220.64046159985378
Tunbridge Wells,109491,248.038927888794,441.42667819097045
Twickenham,108664,27.779298820823698,3911.6898054512503
Tynemouth,97209,35.0772342707062,2771.2846243747745
Upper Bann,125032,381.683413254257,327.5803864096929
Uxbridge and South Ruislip,125632,40.380430068359395,3111.2100536650937
Vale of Glamorgan,97675,302.22858813484595,323.18253082140643
Vauxhall and Camberwell Green,105885,7.68387034667206,13780.164841779191
Wakefield and Rothwell,111069,60.6673849218597,1830.7860169522417
Wallasey,98251,38.8401348591156,2529.625614236016
Walsall and Bloxwich,125080,32.042892168663,3903.5178017521316
Walthamstow,124802,16.180233215820298,7713.238637251178
Warrington North,96390,91.2816394200287,1055.9626296419303
Warrington South,106028,74.2422298232117,1428.1359847687459
Warwick and Leamington,110108,89.400642748024,1231.6242547644736
Washington and Gateshead South,96433,69.79338366403199,1381.692575104318
Watford,115450,24.4077326487274,4730.05836558192
Waveney Valley,91358,988.9690101315921,92.37700985983768
Weald of Kent,100068,763.095565388947,131.13429633023188
Wellingborough and Rushden,116830,91.5941957545547,1275.5175045487574
Wells and Mendip Hills,92935,672.882502046761,138.11475215555777
Welwyn Hatfield,116887,107.934869093315,1082.9401191837778
West Aberdeenshire and Kincardine,98636,3275.64603155489,30.111922671076663
West Bromwich,114660,35.375997948127704,3241.1806493240833
West Dorset,96334,1010.88485589021,95.2967090551237
West Dunbartonshire,92637,183.411279851044,505.0779868895436
West Ham and Beckton,147937,21.0781543650894,7018.498746978531
West Lancashire,104126,262.361112316849,396.88046403099867
West Suffolk,123616,761.950954906906,162.23616389470004
West Tyrone,100202,2118.9856079203,47.28772089129207
West Worcestershire,102513,705.327958497437,145.3408995985128
Westmorland and Lonsdale,91583,2536.54400459485,36.10542526922497
Weston-super-Mare,100609,73.6919115827675,1365.2651673582984
Wetherby and Easingwold,94326,941.8876609530031,100.14570092633005
Whitehaven and Workington,94806,550.024835553421,172.36676213831075
Widnes and Halewood,94423,70.96314080184939,1330.5921769113581
Wigan,109162,60.5022825741119,1804.2625063985424
Wimbledon,111409,22.9123038398819,4862.409331621985
Winchester,109065,572.8708106457669,190.38323819825416
Windsor,114686,110.959532435791,1033.5840236742652
Wirral West,89076,148.512457228554,599.7880693800388
Witham,108748,436.989017193062,248.8575129382601
Witney,105143,557.7835672664339,188.50142989202982
Woking,105679,63.6092963765945,1661.376654354651
Wokingham,103897,138.356607826248,750.9363060597487
Wolverhampton North East,110383,27.045681209777797,4081.3540300139807
Wolverhampton South East,128335,30.7313895447464,4176.0233396911
Wolverhampton West,119160,30.3581656260147,3925.1383455754226
Worcester,106671,33.3465296130447,3198.8636070324924
Worsley and Eccles,111068,71.42085452536011,1555.1200099483826
Worthing West,102846,76.7207690760651,1340.523579710638
Wrexham,101675,293.011171679749,347.0004212369323
Wycombe,112299,141.02032574073,796.3320139145403
Wyre Forest,103913,195.4374847351,531.6943171922511
Wythenshawe and Sale East,114215,36.5463137629852,3125.2125930051834
Yeovil,106814,335.581153706295,318.2955860908834
York Central,114431,25.1661338840485,4547.023413577715
York Outer,94870,246.85442113290398,384.3155798652799
