FID,PCON24CD,PCON24NM,PCON24NMW,BNG_E,BNG_N,LONG,LAT,Shape__Area,Shape__Length,GlobalID
1,E14001063,Aldershot, ,484716,155270,-0.78648,51.29027,57095654.3274918,47432.739116943,5f4043af-3ae2-43eb-a003-102bd7e1ebb5
2,E14001064,Aldridge-Brownhills, ,404720,301030,-1.93172,52.60704,53268255.5621872,42601.344444453,049d5ca7-15e4-49d6-9baf-ca905bcc6b65
3,E14001065,Altrincham and Sale West, ,374132,389051,-2.39049,53.39766,50926048.4101105,48051.3629188506,e1c62e7b-12c2-41fe-8ebb-0bbe522f90eb
4,E14001066,Amber Valley, ,440478,349674,-1.39771,53.04282,124852608.520782,64708.5044241774,b3bae64f-d8d9-4acc-9b55-57c6a3ef0769
5,E14001067,Arundel and South Downs, ,497309,118530,-0.61584,50.95798,836320308.343472,222816.265922367,26d9431c-111f-4518-8f94-c38a0924bb45
6,E14001068,Ashfield, ,450035,356564,-1.2541,53.10395,99257974.5106049,65505.7297597015,39579106-c598-4707-8ce5-21f0bf3d1b0d
7,E14001069,Ashford, ,611218,142572,1.018285,51.14343,226251578.353874,109410.798058521,fc7bc1aa-c204-4baf-bc70-423d80f9c123
8,E14001070,Ashton-under-Lyne, ,392654,398807,-2.11217,53.48594,29139859.6687775,30137.4427822904,9a6d20ab-37c4-4b07-8270-6333a47cdcd2
9,E14001071,Aylesbury, ,495172,216598,-0.61998,51.83989,196521727.545853,111766.427453256,89908fa6-20fa-492f-8ee7-0ba6b5d337a1
10,E14001072,Banbury, ,438918,232636,-1.43462,51.99082,512580722.94149,189663.512878862,d8a0aea8-4541-4fdd-88e4-d2dc3e947908
11,E14001073,Barking, ,546152,184371,0.106043,51.53932,20399590.2023849,25757.7812043385,6ea5f6bc-409f-495d-946d-f7d9565e43db
12,E14001074,Barnsley North, ,436476,408971,-1.4506,53.57609,75137763.9889526,60748.8953495485,e8f44f26-b5fb-4178-8577-2692278fefe1
13,E14001075,Barnsley South, ,440961,402479,-1.38372,53.51741,75645399.3256531,60154.483229699,c25dcf7b-9a18-49bf-852f-d1fd391061cd
14,E14001076,Barrow and Furness, ,320083,496386,-3.23122,54.35672,726977404.963333,220756.004008548,0041c7f7-a66e-4458-8dac-ffaaada6bddf
15,E14001077,Basildon and Billericay, ,569070,192467,0.440099,51.60566,61883057.7482986,41916.0949660904,7d9dcaee-6861-4da7-80df-bdfa59b60119
16,E14001078,Basingstoke, ,459017,150217,-1.1558,51.24808,78612795.5828934,57020.3644316261,9b981217-06b9-475e-b687-bec3dc9e7182
17,E14001079,Bassetlaw, ,467018,385329,-0.99444,53.36061,398513240.837433,155008.65023644,7a4571af-f1ea-43d6-a8c5-6f616a3d3708
18,E14001080,Bath, ,374471,166284,-2.36832,51.395,73500829.3170471,53512.4467773581,dd3927ec-db97-4075-b42f-f8443e168be0
19,E14001081,Battersea, ,528113,175772,-0.15703,51.46642,9841514.6035614,17446.5513582429,3d1c264b-ee17-4df2-b4c9-524efe2d41d5
20,E14001082,Beaconsfield, ,498198,185455,-0.58484,51.55944,165614616.848846,111814.345522902,fee21d62-ba18-407f-8423-f1398d48848b
21,E14001083,Beckenham and Penge, ,536917,168705,-0.03309,51.40085,22872095.8747406,27154.2932664466,b86e4b3c-6dce-4260-b1e6-e6b530a06dfc
22,E14001084,Bedford, ,505836,249628,-0.45508,52.13483,29602892.7117233,31409.5717274715,f1a25880-250f-4d7d-9578-95491bceb081
23,E14001085,Bermondsey and Old Southwark, ,533980,179401,-0.07124,51.49768,9354256.71940613,17413.202866426,8999c5b8-8781-4bc8-ac7f-6adeb03c2f8c
24,E14001086,Bethnal Green and Stepney, ,534939,182169,-0.05638,51.52232,6815573.70671844,10934.7752228487,54aa32ed-9354-411c-be45-38852158ac74
25,E14001087,Beverley and Holderness, ,523452,429549,-0.1294,53.74772,761633101.757065,200395.421988737,8ee22c77-2bd5-424e-bee1-e7314282987c
26,E14001088,Bexhill and Battle, ,577508,118444,0.525092,50.93811,467449922.719769,155100.828012139,7bc443b5-6f3a-4aaf-a4bd-1b993d77c7be
27,E14001089,Bexleyheath and Crayford, ,550493,175941,0.164996,51.46244,23177197.8392944,30295.1500826694,1a11ba43-f4d4-4f5f-9213-0244585c325c
28,E14001090,Bicester and Woodstock, ,452012,220679,-1.24575,51.88226,448827452.591072,166349.567651358,e01eaf75-1200-439a-a83c-e7954c0a43e4
29,E14001091,Birkenhead, ,330780,386907,-3.0419,53.37448,35288336.1783371,27696.0119507801,88a8abbb-bfce-429a-9604-71fd0c3a1186
30,E14001092,Birmingham Edgbaston, ,402984,283944,-1.95751,52.45345,29581950.3522186,32569.2674901912,18519ba3-39fa-44dc-be04-95d87b135f7d
31,E14001093,Birmingham Erdington, ,410569,292685,-1.84562,52.53194,25173042.4583435,29430.4796948753,2921eb5f-1e59-42d3-a291-3f057320e4e5
32,E14001094,Birmingham Hall Green and Moseley, ,408501,282513,-1.87636,52.44053,19345756.3740387,28527.6033039282,6e10a183-59fb-4b44-ac25-ca70c784a0d6
33,E14001095,Birmingham Hodge Hill and Solihull North, ,413876,287889,-1.79707,52.48875,24658012.4286652,33740.1757302075,a250875e-9e93-4452-9c07-40b3945ca1c9
34,E14001096,Birmingham Ladywood, ,407572,287070,-1.88992,52.48151,25683055.4139099,34948.1401186109,2e330b1c-ba93-4ec6-8ee7-7a08784fbedd
35,E14001097,Birmingham Northfield, ,401888,279862,-1.97366,52.41676,24924270.5243912,34869.1590689408,184dbf50-c1c8-4c27-b829-6ee7bb4497a4
36,E14001098,Birmingham Perry Barr, ,406022,291857,-1.91266,52.52457,24698752.0731201,31869.612576358,67f8d0a0-1720-4ebc-9f9e-63e475016791
37,E14001099,Birmingham Selly Oak, ,404724,280770,-1.93195,52.42491,21667686.7891998,34708.761095715,9669284c-7b31-49d6-be52-fd77b8914d9c
38,E14001100,Birmingham Yardley, ,413189,285415,-1.80728,52.46653,19829352.1984863,31505.7517504235,68375025-30e2-4fbf-a4d7-e2ec041b6001
39,E14001101,Bishop Auckland, ,403295,529526,-1.95044,54.66081,1335586548.51865,226798.121769829,9a29ad7a-9f4c-46f8-8081-ab27ad96d232
40,E14001102,Blackburn, ,367092,427991,-2.50047,53.74726,39586514.340744,34490.1965521236,fa12ce84-723a-42ff-ae2e-f70eea9cd54b
41,E14001103,Blackley and Middleton South, ,386063,403130,-2.21169,53.52466,28682667.1470032,35163.5040526285,03316dc5-6db7-4ada-b030-d4c4c29f3d76
42,E14001104,Blackpool North and Fleetwood, ,333512,444183,-3.0131,53.88956,51839316.3098755,43979.1076559756,bd58fd6d-dbf2-4ba7-a29d-a6aaac0f5f20
43,E14001105,Blackpool South, ,332817,435015,-3.02167,53.80708,32417941.7023926,32230.0346087739,4ff7db6d-928b-462c-aadd-b1b14f4cf1bd
44,E14001106,Blaydon and Consett, ,414122,557646,-1.78125,54.91333,113668582.275864,70288.7600916419,693aeb02-6eb1-4bab-afc2-68e8078bd7dc
45,E14001107,Blyth and Ashington, ,427575,584394,-1.56884,55.15312,89073943.0510559,61188.5923779675,0f676865-7eb5-4a42-ada9-4590c621c195
46,E14001108,Bognor Regis and Littlehampton, ,499638,101239,-0.5874,50.80214,48506441.1055603,50464.736929332,18bfaa82-c6bf-447c-97de-0ddf728c4356
47,E14001109,Bolsover, ,447717,366869,-1.28719,53.19678,228300050.649567,120094.456878947,e25afb53-e141-4fa9-b1ae-c1eaa34ef138
48,E14001110,Bolton North East, ,372644,411243,-2.41481,53.59705,41100358.3720856,43747.0705605032,58f734d8-bf66-402a-831b-267907de31e3
49,E14001111,Bolton South and Walkden, ,374204,405551,-2.39076,53.54597,33544125.0837708,34624.0847723379,e01fa6f6-98dd-4b54-a092-f4d54ca7654b
50,E14001112,Bolton West, ,364877,408196,-2.53182,53.5692,77445453.6226044,56504.7453531293,909f7381-1bfe-4893-bb86-84031d85fa79
51,E14001113,Bootle, ,333915,397229,-2.99696,53.46765,27877041.3247452,26364.9230563255,b3e07f0c-e098-4f89-b7b3-5dbcff45fed7
52,E14001114,Boston and Skegness, ,539400,354144,0.078987,53.06638,893395803.233963,199003.556216698,c6a581ee-3138-4dd9-89cf-16677ffc0198
53,E14001115,Bournemouth East, ,411609,93659,-1.83682,50.74241,26414234.0119667,34760.7858765844,2d6ed450-992f-44ae-bd93-f7350675660b
54,E14001116,Bournemouth West, ,406917,93989,-1.90331,50.74545,26571603.7917824,27460.2875125729,f87fdef3-f556-40d2-9104-d54cdc410397
55,E14001117,Bracknell, ,485168,164319,-0.77784,51.37155,46943401.0561218,36996.2002637258,ffb7d369-79c4-423f-ad06-e12bcb84814b
56,E14001118,Bradford East, ,417427,433388,-1.73692,53.79652,27587564.4086609,39509.6052643922,3e11132b-7dd7-4dc1-aee3-af1313c4578c
57,E14001119,Bradford South, ,415841,429295,-1.7612,53.75978,44127991.3272705,65066.6444990965,b41d7fe4-5c05-4b72-a7c3-4f4a4c8fa973
58,E14001120,Bradford West, ,412492,433844,-1.81182,53.80076,35244544.8319092,41139.3813411276,46750d8a-5919-4c68-bf0f-4572cd453d2e
59,E14001121,Braintree, ,574854,230991,0.542924,51.94993,516711623.212601,165014.805424958,f755204b-c00b-4961-bcbc-fdc642deb55e
60,E14001122,Brent East, ,521765,185698,-0.24494,51.55703,18240495.5867233,30615.7273695344,f4657186-4a79-4f3d-a8db-9075b3baa001
61,E14001123,Brent West, ,518047,185943,-0.29847,51.56002,18700742.8491974,20215.7346399709,5a62eab5-e2f3-40e4-b2b5-eaa973a37d34
62,E14001124,Brentford and Isleworth, ,515124,176509,-0.3437,51.47583,23080035.2581787,31476.9295201238,d5112e79-3d70-45ae-b219-0e5ffa946e11
63,E14001125,Brentwood and Ongar, ,556779,200101,0.266181,51.6778,316205732.445145,100879.226328505,07a2492d-8be0-41e7-8cae-80cd50411c81
64,E14001126,Bridgwater, ,322642,137197,-3.10687,51.1288,337903815.212822,170483.352153496,68fe946d-2ffd-4b5a-9045-61485b70864e
65,E14001127,Bridlington and The Wolds, ,495181,457225,-0.54936,54.00231,952063866.855576,241689.705978905,d56c2806-5cb7-4119-8b5d-ff3553e71dee
66,E14001128,Brigg and Immingham, ,502069,410089,-0.4599,53.57749,505363350.988998,180888.721568829,4f072267-cc9a-4860-933b-5e86771f818f
67,E14001129,Brighton Kemptown and Peacehaven, ,534575,104474,-0.09068,50.82416,42862917.1293068,47104.3061885618,b89db405-03bf-4e6f-a93a-6cfd20922814
68,E14001130,Brighton Pavilion, ,531231,107527,-0.13704,50.85237,28879074.7719688,33780.125911138,73a82a87-0fd4-4f0c-9a9f-d54cac175927
69,E14001131,Bristol Central, ,358489,174042,-2.59893,51.46381,10934172.3062553,16115.9590023057,034d5c19-ff89-4254-b973-b985232997dd
70,E14001132,Bristol East, ,361940,170971,-2.54893,51.43644,22019258.9367714,31603.60607204,e7f98ad6-38ea-477a-8127-9719dacd617a
71,E14001133,Bristol North East, ,363283,175262,-2.53005,51.47511,21456577.4310265,33254.5204526209,6e8ac667-0344-44d8-abf9-2e65bbd2af1a
72,E14001134,Bristol North West, ,355048,178219,-2.64899,51.5011,167278100.94614,114134.490157948,ea790efd-ffd6-4fd9-8da6-3fb542320aa4
73,E14001135,Bristol South, ,358409,169600,-2.59956,51.42387,22399232.1163826,28566.1615940973,9f51bf2c-e6b0-40e9-b10d-cac30e10edce
74,E14001136,Broadland and Fakenham, ,618682,320245,1.237737,52.73561,720801850.896194,286336.023939306,c157206e-fb61-4ced-afc7-4a27e0d4faea
75,E14001137,Bromley and Biggin Hill, ,540916,164357,0.022632,51.36081,46504626.7714615,44158.9396403822,19c1eb04-243a-452d-84c8-0fd323789dfe
76,E14001138,Bromsgrove, ,399840,273736,-2.00376,52.36169,216972464.734383,113274.391640707,aafe9f2a-c061-41eb-8aea-8704d229ecc1
77,E14001139,Broxbourne, ,535791,206515,-0.03467,51.74089,86647963.1149445,55751.7307096614,f36dd249-0199-4599-9162-176f4d15d3f8
78,E14001140,Broxtowe, ,449829,337765,-1.26007,52.93499,60723960.0491486,66616.5778191053,65fb800c-d963-41d8-8d08-9aa26d263a2a
79,E14001141,Buckingham and Bletchley, ,477831,230643,-0.86846,51.96883,396232344.867355,154460.195986638,66a771aa-b929-4093-9a61-64139a663504
80,E14001142,Burnley, ,384738,431506,-2.23308,53.77967,119582006.201813,61286.8173640339,d446c3c8-a003-4488-9abc-cd13a3ca7b5f
81,E14001143,Burton and Uttoxeter, ,404371,334742,-1.93644,52.9101,243352329.088425,162472.634863956,8353919d-6032-4e2f-b75d-56f3b9b8d6aa
82,E14001144,Bury North, ,379312,413523,-2.31421,53.61785,58080127.3434601,54466.2001955798,b871c34b-367d-4e16-aa43-65c738edfd86
83,E14001145,Bury South, ,381003,405424,-2.28815,53.54512,44655579.3564911,51330.7793149265,7941eade-9c39-4b00-8042-e373dadbd7f8
84,E14001146,Bury St Edmunds and Stowmarket, ,594713,268188,0.852784,52.27736,402467889.726334,157434.329866655,d132a9ac-a3cb-4dd5-9713-29121f2ae7dc
85,E14001147,Calder Valley, ,396866,424895,-2.04897,53.72046,302468706.604736,133925.957596986,56f9182c-063e-4525-a383-b722064f74d2
86,E14001148,Camborne and Redruth, ,167292,40667,-5.2636,50.22011,275441030.745951,165395.761048809,1d5a4ddb-9e12-4313-8147-f36e5de16bb9
87,E14001149,Cambridge, ,545244,257862,0.123846,52.19987,32355627.2068329,38175.2678148845,756e85c7-1e9a-4ce6-9b1c-be2ca82fd7a6
88,E14001150,Cannock Chase, ,401261,311553,-1.98277,52.70166,78874732.6186447,50287.279132665,d857e486-bc35-4a0c-b102-54bd363bf194
89,E14001151,Canterbury, ,615576,157189,1.089267,51.27305,242872148.120743,121405.03553549,db918217-b693-4742-a5d2-19a40521dc4b
90,E14001152,Carlisle, ,348588,565148,-2.80479,54.97827,915925406.476807,201582.021969327,b7cfe1c6-c9e9-4eaf-99f9-e26dda22e212
91,E14001153,Carshalton and Wallington, ,528290,163524,-0.15891,51.35631,25574196.8164368,31569.3597960434,601d39e4-6f96-4fb5-acb9-a2b2a52987fa
92,E14001154,Castle Point, ,578576,187592,0.574745,51.55894,76672434.8985138,47232.6804256483,da678b3b-8df1-4f79-bd03-188cd95cfa2b
93,E14001155,Central Devon, ,273369,91743,-3.79492,50.71147,1374784550.56641,327005.16773241,19596602-e866-4aa4-85af-963272bef183
94,E14001156,Central Suffolk and North Ipswich, ,620566,257411,1.224112,52.17087,548399576.824158,176293.268443634,cd1d0d77-8d08-4c62-a66b-4cc654116918
95,E14001157,Chatham and Aylesford, ,574811,163197,0.508449,51.34097,56264944.875473,54656.9474152658,2089780b-6c00-46a7-bf69-cd27c8686c74
96,E14001158,Cheadle, ,387556,385605,-2.18847,53.36718,39369117.1945496,40238.807838466,d755acde-8bad-4d96-bfcf-a90f17f77dfd
97,E14001159,Chelmsford, ,571558,206494,0.482869,51.73091,33437224.6216965,36903.5746791404,0d01d881-7597-412b-8e22-a8fec40de0c7
98,E14001160,Chelsea and Fulham, ,525036,177235,-0.20079,51.48026,10227589.498909,16624.4808519089,9c6eeb84-5d38-4bc4-9333-fae082d7fe9c
99,E14001161,Cheltenham, ,395228,220956,-2.07073,51.88714,35292206.5505676,35006.8631819933,af08d2ec-4c0c-466a-aab5-a9f0e1b79bd0
100,E14001162,Chesham and Amersham, ,495229,196630,-0.62462,51.66039,145395995.041512,92600.131491103,139c6562-581b-4541-a347-f34f34f739ab
101,E14001163,Chester North and Neston, ,336406,372622,-2.95448,53.2468,115579724.206924,66694.532040345,b4f241ef-7285-4178-8736-3a1cceae831d
102,E14001164,Chester South and Eddisbury, ,354400,358464,-2.68282,53.1214,754928914.258842,230805.193830653,ec261ae0-8915-47b6-8309-d131ab7703d0
103,E14001165,Chesterfield, ,440100,372488,-1.40049,53.24792,47362783.3896942,47655.5786797918,ab841d70-603a-41c0-8bf9-78defba43586
104,E14001166,Chichester, ,484136,105461,-0.80636,50.84255,316550717.225136,100241.442216251,104eb47f-e166-474f-958c-52ffe640c549
105,E14001167,Chingford and Woodford Green, ,538856,193069,0.004346,51.61932,22747782.9289474,27406.8020301389,b5d23f3e-19cc-4e22-b860-3838f9ec46c1
106,E14001168,Chippenham, ,404564,176871,-1.93564,51.49076,273369574.971882,135056.465708779,6021f332-c17e-4dcf-bc76-361d1080a926
107,E14001169,Chipping Barnet, ,524233,194734,-0.20617,51.6377,40216938.005722,45400.4273284249,de630e0f-3a9f-4fe3-bfcd-5e2392d8893f
108,E14001170,Chorley, ,359478,419274,-2.61478,53.66837,136701924.139725,79496.1658834854,5bcb740f-c209-45f5-b42f-201a7a4c626a
109,E14001171,Christchurch, ,409396,99427,-1.86804,50.79432,114450370.024529,83323.8373138601,3247c722-3f98-43b4-8b46-01a4fbecf5f6
110,E14001172,Cities of London and Westminster, ,530288,180871,-0.12386,51.51175,19423685.0737228,34716.6315657053,b4a7eeb3-d97a-4fc6-bc57-bc5a812ffc58
111,E14001173,City of Durham, ,425010,540102,-1.61293,54.75525,215539568.642685,122459.52674091,ac867283-ff07-4d8f-8342-b4a2ee02afd6
112,E14001174,Clacton, ,617020,222082,1.149974,51.85512,216276944.120491,90046.4116741731,c97286f9-123e-46db-b883-e6c7a430895c
113,E14001175,Clapham and Brixton Hill, ,530046,174947,-0.12952,51.45857,7611127.76508331,14454.1605757425,efe0fcf0-c906-4754-855b-014e9560ccb3
114,E14001176,Colchester, ,599674,224891,0.900077,51.88681,42263505.43853,36200.0883506536,19115370-f4c6-46d5-869e-c347715b5153
115,E14001177,Colne Valley, ,408584,411123,-1.87177,53.59662,172277477.893066,77330.8751591144,2f7fbefe-f8cc-4d1c-8260-4ad2b0bf924c
116,E14001178,Congleton, ,380524,363233,-2.29277,53.16587,211448961.332985,95385.4502319414,0944eae7-8243-487c-949e-1d5bcdf7f397
117,E14001179,Corby and East Northamptonshire, ,499101,287184,-0.54241,52.47361,521856336.308044,157539.711679499,5a9bf606-d527-4e56-81f4-00039570368e
118,E14001180,Coventry East, ,436254,282175,-1.46813,52.43637,28780225.5689316,34449.6040309361,3daef782-298c-4dd0-9074-28ace7d46d94
119,E14001181,Coventry North West, ,430294,281733,-1.55584,52.43275,38524910.9548569,32665.533751298,cade735c-8d6f-4d04-8205-68b50e62da83
120,E14001182,Coventry South, ,431582,277293,-1.53731,52.39277,31344363.90168,42109.6359831573,9f63aa0b-af74-4c55-b801-8cd81510f1ea
121,E14001183,Cramlington and Killingworth, ,428045,574645,-1.56242,55.06549,98905545.2697296,69674.7702967824,692461b6-00e6-4908-a67a-d97d7ce65e24
122,E14001184,Crawley, ,526390,137581,-0.19533,51.12357,44945279.2575836,38945.852531645,997b299e-d12d-48c8-8c02-41faa3cdd59f
123,E14001185,Crewe and Nantwich, ,372030,353864,-2.419,53.08127,89940343.8300171,58222.8937342545,c9dacceb-d496-48e5-9104-cd12750daf29
124,E14001186,Croydon East, ,536251,164323,-0.04434,51.36164,26427169.6598892,35853.2618318699,cbf7cb38-f100-4890-aefe-80e7b26ced45
125,E14001187,Croydon South, ,531895,159987,-0.10847,51.3237,37653030.2276382,38319.9366979027,fed466b9-9eb5-4fa7-840f-88e605096107
126,E14001188,Croydon West, ,532488,166496,-0.09755,51.38205,14477977.8988037,25118.1839488004,82199dba-7f67-46eb-b451-3ff9aa294df9
127,E14001189,Dagenham and Rainham, ,551586,183258,0.18386,51.52789,41925417.7561569,41461.0000139776,dab2a82d-8e97-41fd-a886-06f8bd6cc1c3
128,E14001190,Darlington, ,424539,518614,-1.62204,54.56217,113309139.807938,72875.2524884433,3d4f5213-5c68-4b84-86d5-0c524de9cfae
129,E14001191,Dartford, ,556167,172917,0.245276,51.43373,65407788.5735703,53503.2568564193,3f169b32-b287-4ff2-94f0-37652a0e395a
130,E14001192,Daventry, ,470112,266122,-0.9735,52.28878,780608296.136078,231104.674777837,3ccd91fc-060c-4186-84f0-81f1147fedbf
131,E14001193,Derby North, ,432424,336128,-1.51918,52.92161,29504836.5634918,36599.83048604,3649caf5-fea6-415f-bd8c-c8ab5f376155
132,E14001194,Derby South, ,436265,333095,-1.46239,52.8941,31217843.5791168,31980.6302917368,a184a35c-3012-4781-9c82-c2c412de1db5
133,E14001195,Derbyshire Dales, ,420968,355924,-1.68829,53.10012,907695280.514641,265833.27172753,5401367f-b134-4b7c-8c43-b7e73455c864
134,E14001196,Dewsbury and Batley, ,423804,420002,-1.64113,53.67596,54261797.5014801,58712.5022149857,f3f77e54-f4d0-4199-b1c5-9584de868afc
135,E14001197,Didcot and Wantage, ,448154,192214,-1.30573,51.62669,402309113.211693,142983.224755316,1a5cddd8-c283-4c42-832d-482604bfa6cd
136,E14001198,Doncaster Central, ,458190,397989,-1.12474,53.47544,111792055.890076,83047.4823110394,4ba44533-10fb-4088-af1c-e9c55457a9aa
137,E14001199,Doncaster East and the Isle of Axholme, ,473161,406862,-0.89715,53.55331,420049837.164474,134382.9558993,31b5d296-f90d-4e1b-a5e0-c98f4121ae7a
138,E14001200,Doncaster North, ,455325,408912,-1.16598,53.57392,240537571.620956,97582.4716195241,e42cb9d1-23e8-4f84-b75c-0559215bd59a
139,E14001201,Dorking and Horley, ,519227,146503,-0.29468,51.2053,280545372.052498,118183.364501719,4863d6e9-f40b-4902-ade8-8027c83b3ca2
140,E14001202,Dover and Deal, ,629857,147550,1.287481,51.18095,220893141.080322,100422.217122362,70955193-6d6b-4c86-84ca-68268204a489
141,E14001203,Droitwich and Evesham, ,393275,253991,-2.09977,52.18413,401437101.363594,214350.497745543,68e04edf-46c3-41c6-a57c-2fd5372ad159
142,E14001204,Dudley, ,392854,291346,-2.10673,52.51996,28335823.711441,34051.2247756309,0fd02f6d-d22e-489d-924d-0cfa5893d702
143,E14001205,Dulwich and West Norwood, ,532817,173496,-0.0902,51.44488,14455069.8544312,20286.4142279898,70604add-4ca2-49d7-88ba-8e3bc293b908
144,E14001206,Dunstable and Leighton Buzzard, ,496703,225441,-0.59529,51.91911,78560992.5549088,57326.8908135066,9ece0a8a-c8f2-440b-98fb-589bb3ac6d9b
145,E14001207,Ealing Central and Acton, ,519962,181117,-0.2725,51.51624,20479968.8554764,28259.903652797,9dd50a59-89d7-452b-8fa3-c2ecee992e45
146,E14001208,Ealing North, ,513799,183122,-0.36063,51.53554,22964607.0004654,27649.3535839218,c86cc02f-1b2a-4e0b-9b63-ee6234c4822c
147,E14001209,Ealing Southall, ,513156,180445,-0.37076,51.51161,16179228.7671967,25170.6737501341,3f0206e8-52ea-4517-b8c6-8e0e4195f4d8
148,E14001210,Earley and Woodley, ,473892,169821,-0.93865,51.42259,48958833.2121658,48416.5485620902,3d4578ff-2897-48d9-994f-df7670e0b819
149,E14001211,Easington, ,441536,542519,-1.35582,54.77588,149533491.038406,76870.5813073677,caf99893-bcb4-49ce-b3be-52db660239a1
150,E14001212,East Grinstead and Uckfield, ,538137,128542,-0.03103,51.03963,381994982.735126,164904.948111048,ee6756ec-d955-4b60-a04b-3d4ffa621193
151,E14001213,East Ham, ,542663,184253,0.055721,51.53915,10021076.7565308,16089.5066896687,8f8640d9-8bb0-4eff-a8a2-09ac23d7721e
152,E14001214,East Hampshire, ,467402,130711,-1.03933,51.07177,513975403.150246,179015.900681567,782e5115-a26b-4fb2-8ade-7ccc39c5fd23
153,E14001215,East Surrey, ,535708,149768,-0.05766,51.23096,259827040.468147,90095.9919509256,cce2d107-569e-4bca-9d64-500b748f263c
154,E14001216,East Thanet, ,636923,167727,1.401751,51.35918,38142571.2565002,44967.4250988815,b012a8c2-76aa-4599-b67f-711dcc8e55bd
155,E14001217,East Wiltshire, ,417744,160630,-1.74661,51.34447,1052954934.57068,233019.835525851,2dc1ee5c-6088-451b-8a19-e6c52236ad6a
156,E14001218,East Worthing and Shoreham, ,516691,106109,-0.34395,50.84274,57304820.7578964,43834.5597243508,35f59554-ef1a-4dda-b0f0-8ed8b247782e
157,E14001219,Eastbourne, ,559339,99575,0.258516,50.77387,45363463.5138435,41208.9326387933,3bff669d-bd07-4098-9927-39f1ddfdcca2
158,E14001220,Eastleigh, ,446708,117185,-1.33641,50.9522,51072414.7759018,46666.5804406828,8c15ed96-192e-4df2-9d4f-43c16ecca766
159,E14001221,Edmonton and Winchmore Hill, ,533685,194034,-0.06993,51.62924,21932135.8220673,26431.7766163336,ea1a41de-9d9e-4419-bacf-1e4ee528717c
160,E14001222,Ellesmere Port and Bromborough, ,337399,377627,-2.94059,53.2919,59641014.1653976,43017.7308353784,f9c28916-5f93-4f8c-a298-bd3bdef2a084
161,E14001223,Eltham and Chislehurst, ,543057,172794,0.056759,51.43608,30709264.7163544,35534.4214526708,593097bf-c1c7-47ef-a76a-6eb438b3df1b
162,E14001224,Ely and East Cambridgeshire, ,555576,275765,0.283149,52.35788,727094990.678497,207757.118147649,fa121fbf-0c24-45ad-ba57-00854530ad8b
163,E14001225,Enfield North, ,533630,197952,-0.06923,51.66446,40608167.9072647,36856.0428707289,522b9a69-b536-4c03-8520-2b4f603216b5
164,E14001226,Epping Forest, ,542999,199637,0.066831,51.6773,126259970.53051,74761.36756658,86cf5c65-5619-4eaf-9bf7-9b11ca5c8c45
165,E14001227,Epsom and Ewell, ,519316,159545,-0.28906,51.3225,58221250.5230255,39814.8355192538,b2c3b6bd-ebe2-47c9-9405-8db2909d8e09
166,E14001228,Erewash, ,446887,337932,-1.30382,52.93676,60053252.2886047,59043.2665802017,9360edfd-5306-4565-bdc5-e82338ba59f4
167,E14001229,Erith and Thamesmead, ,547592,178598,0.124377,51.48707,29432600.7842331,34181.0170449264,c8066655-a0b8-4567-b52c-2780cf800332
168,E14001230,Esher and Walton, ,513373,165619,-0.37238,51.37831,47631628.5114365,32375.8457805017,7c5d3d20-ae72-427d-8279-c8fd3777060e
169,E14001231,Exeter, ,292421,92738,-3.52548,50.72426,33882522.4566574,31526.2490329019,aa53a5c5-8277-427b-a166-6f9aa994d734
170,E14001232,Exmouth and Exeter East, ,299579,92503,-3.42404,50.72343,252648111.709969,147544.945212532,273b4864-e41f-4ae6-8b33-8a5384707ec7
171,E14001233,Fareham and Waterlooville, ,462557,109742,-1.11208,50.88378,98883361.0857582,72296.0625535209,e4e3cc7d-fd8f-4c12-8cfe-4b959e8ba22e
172,E14001234,Farnham and Bordon, ,484346,139949,-0.79538,51.15258,169398888.365818,93529.58491893,9580a96d-1f96-4bf1-8805-eea2949985e0
173,E14001235,Faversham and Mid Kent, ,592905,157583,0.764887,51.28471,384581718.703857,131881.808964831,1a61f7a5-6a19-40b0-bcd8-de8df6d09ec6
174,E14001236,Feltham and Heston, ,510305,173502,-0.41399,51.44977,28020636.1726761,36413.2166524772,a2d90b97-6a82-41e7-990c-15fae7408171
175,E14001237,Filton and Bradley Stoke, ,362723,179503,-2.53856,51.51321,45301021.0313492,47065.0127541118,4df7d009-6fde-466d-a93a-d87cc001404c
176,E14001238,Finchley and Golders Green, ,525191,189002,-0.19437,51.58597,20946980.086998,27695.198166301,e3978c57-e3a1-4eaf-9669-90c741c60d6c
177,E14001239,Folkestone and Hythe, ,602920,127674,0.891467,51.01263,242387297.923035,129208.379626605,e63378b6-6285-45b8-be9f-2be53a3da76a
178,E14001240,Forest of Dean, ,370366,223234,-2.43216,51.90685,620161732.702156,210740.192782528,23429b77-b3bc-404b-b5e9-4c5aa7ea5bbe
179,E14001241,Frome and East Somerset, ,368130,150038,-2.458,51.24861,475916481.936741,174064.491248593,b02326b3-9d54-4023-b398-cae5df73f409
180,E14001242,Fylde, ,339554,433811,-2.91914,53.79709,190325031.514603,78126.4568054429,2e794572-3685-4d6f-b244-4d32f41cd810
181,E14001243,Gainsborough, ,499314,390326,-0.50774,53.40044,1157653023.35591,247190.432797737,e7d08d17-dd8b-445a-af83-234857a7f478
182,E14001244,Gateshead Central and Whickham, ,422968,560237,-1.64306,54.93628,42259618.7320862,42553.6567389389,5aa3d38b-b97b-4601-b2c3-63725973c8ca
183,E14001245,Gedling, ,460782,344401,-1.09589,52.99351,63957188.2463074,52166.189431425,743cb3a4-416f-453b-9b63-bc59144fb2f9
184,E14001246,Gillingham and Rainham, ,580021,165777,0.584473,51.36253,41804636.1274643,33196.596124624,dfebd74c-284a-47ec-83b7-765a27221728
185,E14001247,Glastonbury and Somerton, ,357456,127928,-2.6083,51.0491,694214116.77964,205739.153873868,242f095b-0a5d-4f83-87b7-261fb57d4065
186,E14001248,Gloucester, ,384048,216342,-2.23296,51.84545,36108522.9606247,33187.4430659333,85818057-3d69-4057-bcb5-9adea86018b6
187,E14001249,Godalming and Ash, ,498295,143042,-0.59515,51.17817,345038619.200027,121924.356100121,054e9232-4815-42db-a21e-5ed816540988
188,E14001250,Goole and Pocklington, ,477334,439142,-0.82614,53.84279,739028553.291321,217382.176351132,b73601d5-5510-427e-ba88-9cdae18bc6a3
189,E14001251,Gorton and Denton, ,392159,394372,-2.11951,53.44607,22704420.4246979,38314.1787746833,bce0faa1-813a-4041-9564-8af0c2605bb0
190,E14001252,Gosport, ,458437,101444,-1.17196,50.80959,38961674.8588982,32243.4929134849,bf11862e-5391-449f-bb45-b02767516cb2
191,E14001253,Grantham and Bourne, ,499833,335014,-0.51715,52.90332,752003519.714157,180686.761969146,8adbaeba-e6c7-4e07-8fbe-aef27ae44b54
192,E14001254,Gravesham, ,566969,169114,0.398744,51.39649,104948137.875511,59371.7799312484,ae476ff7-1654-4287-8605-f8b51c745a72
193,E14001255,Great Grimsby and Cleethorpes, ,526874,409016,-0.08591,53.56245,40493453.4668579,37502.8097955202,4bb4e6ae-77d7-45b8-8035-51d4b064d964
194,E14001256,Great Yarmouth, ,646762,315881,1.649525,52.68439,182627268.431122,86685.0206197438,2dd1ea16-132b-409b-bd03-5d68e69d95f9
195,E14001257,Greenwich and Woolwich, ,541355,178079,0.034399,51.484,17333708.053009,30261.4698846399,8a342fc5-71a5-4b12-8f2c-3d534d3a5879
196,E14001258,Guildford, ,507281,153748,-0.46344,51.27279,126100901.092148,81259.5472212161,f782da62-b87d-4396-9739-6ade8af5c2a8
197,E14001259,Hackney North and Stoke Newington, ,533884,186725,-0.06984,51.56352,9021292.5931015,15747.8847411051,95a7e48d-5b84-4f2a-bfdb-d6d708fc6d21
198,E14001260,Hackney South and Shoreditch, ,533950,183720,-0.07003,51.5365,8067099.72053528,18689.7447077898,396cae6e-7715-402a-b7c7-be4e7a78de00
199,E14001261,Halesowen, ,396177,284346,-2.05768,52.45706,30797635.3636932,38854.7378071797,8a8b17c1-b05a-4245-be50-6ba4a6fc77e0
200,E14001262,Halifax, ,408261,426901,-1.87624,53.73844,61493293.605545,62026.1019815584,193b3d95-54e4-4523-917d-3fe44427f56a
201,E14001263,Hamble Valley, ,451642,107301,-1.26757,50.8629,100631841.776417,66446.3277971155,3092efe8-74b7-474c-9fa1-049f2c69a45d
202,E14001264,Hammersmith and Chiswick, ,521933,178586,-0.24498,51.49308,13183915.7902527,25424.1189461825,760eb714-8906-4eac-8ea4-b7a6a6d7480d
203,E14001265,Hampstead and Highgate, ,527124,186200,-0.1675,51.56036,15264250.8129349,23177.2091837005,8933eed1-9bd6-4fa9-967f-6d00a403a2fc
204,E14001266,"Harborough, Oadby and Wigston", ,467122,293799,-1.01179,52.53794,166144420.669441,99671.5061462783,06b3fa54-23b1-498c-97d0-29d81965dd63
205,E14001267,Harlow, ,551996,212730,0.202569,51.79258,153341977.991814,101223.524082641,3a1e91fb-dede-4147-a736-f54f5528dc4b
206,E14001268,Harpenden and Berkhamsted, ,505101,211593,-0.47744,51.79313,248285365.403328,132397.562301519,0425362a-f1c8-4063-a30f-336bb6452cd3
207,E14001269,Harrogate and Knaresborough, ,434212,458112,-1.47936,54.0179,133511527.85347,82585.0693602817,5dd21eda-328f-4d10-9fc0-f1ddec1936af
208,E14001270,Harrow East, ,516761,191589,-0.31514,51.61103,24983951.4559021,27522.9095577145,39e1c85e-916d-4dd6-8d29-9fd7194c6014
209,E14001271,Harrow West, ,514333,188002,-0.35135,51.57929,17483647.9791565,24221.5067394217,48fa4e1f-226f-467b-bbf2-09b31212f7b9
210,E14001272,Hartlepool, ,447161,531473,-1.27017,54.67613,98454941.6870728,69118.8761254415,3ed169e1-c7b7-44c1-9015-0637fbc55ca5
211,E14001273,Harwich and North Essex, ,606261,226701,0.996735,51.90067,352457850.370575,193058.866906149,8362f717-f090-470b-96b2-7eaf83f7a264
212,E14001274,Hastings and Rye, ,588656,116839,0.682749,50.92016,146641564.755955,112104.274441284,b386a784-13c3-469a-a299-ca2367a42a84
213,E14001275,Havant, ,471155,107783,-0.99025,50.86517,70801459.0877419,52075.6472325211,7ffcfb3d-5f9b-47b4-bb29-a12e47a70f23
214,E14001276,Hayes and Harlington, ,508168,177728,-0.44344,51.48816,45036013.8968124,36558.1475136885,093ef6ff-fcb8-4dac-9f92-7dd36597c449
215,E14001277,Hazel Grove, ,394980,389162,-2.07696,53.39927,61402279.2897186,46205.3455061627,3f6ad3cb-2653-44fe-926c-f68ed00031bd
216,E14001278,Hemel Hempstead, ,504122,205121,-0.49356,51.73514,57378910.1114044,47681.2007235459,82410b0f-635b-4a99-98e9-0a6c65353f4c
217,E14001279,Hendon, ,522035,190701,-0.23931,51.60194,22845064.8471603,32527.5300464885,2af2ad67-6718-4f81-9588-c98f9187f149
218,E14001280,Henley and Thame, ,465037,191852,-1.06192,51.62174,548787070.931244,173503.954612851,5d38b7d6-d0f1-485e-95bc-5c8c66821ed6
219,E14001281,Hereford and South Herefordshire, ,342783,230969,-2.83437,51.97423,741051488.092773,216228.929546673,c456e02c-fbbc-473e-8804-156fde928818
220,E14001282,Herne Bay and Sandwich, ,624442,164668,1.220864,51.33678,248058884.768364,116085.3074033,3c6fbeb5-b648-433a-8d74-f14a819e57c1
221,E14001283,Hertford and Stortford, ,544102,217300,0.090088,51.83573,121431157.990776,92633.791537348,c4a74141-2216-4bfe-9608-1a8761977c39
222,E14001284,Hertsmere, ,519719,199882,-0.2696,51.68494,119758264.722008,80426.3937212841,cc68bb87-b5c0-4cfb-918f-26daeccca592
223,E14001285,Hexham, ,394338,575668,-2.09022,55.07544,2775521074.54935,391374.27854297,c761d847-2388-494d-9cc1-13ad1053d2af
224,E14001286,Heywood and Middleton North, ,385746,412738,-2.21691,53.61101,71750171.0612183,53946.2099422324,8591f5f2-947e-42d8-bfba-cc7756145a70
225,E14001287,High Peak, ,410473,387653,-1.844,53.38563,540250049.511566,159569.684418466,c8203b3b-70e3-427d-9925-25f3818271aa
226,E14001288,Hinckley and Bosworth, ,439746,302050,-1.4144,52.61479,290010410.777252,119967.583535348,e577e0a2-02de-44b9-b082-c26708b4c23a
227,E14001289,Hitchin, ,518242,229017,-0.28102,51.94709,227047428.01162,120603.353070968,d35ffebf-adc3-47e4-9ddf-af4eadb610f5
228,E14001290,Holborn and St Pancras, ,529549,183457,-0.13355,51.53516,9283405.458992,17327.8262487205,6b220672-48fd-4747-9f55-66939cf29b62
229,E14001291,Honiton and Sidmouth, ,321400,99616,-3.11649,50.79075,648586978.390196,172865.776233361,2df42f05-73f0-478e-9940-2a512a50be8c
230,E14001292,Hornchurch and Upminster, ,556973,186879,0.263066,51.55895,56777539.026825,49022.998517101,5f8ee8ea-785b-46ff-95ca-8b567ed6f26e
231,E14001293,Hornsey and Friern Barnet, ,529684,189433,-0.1294,51.58883,13924241.9369507,23798.9718878616,4332dd0b-a3b5-421c-ab87-630cccb08a79
232,E14001294,Horsham, ,515068,127576,-0.36022,51.03602,311181083.61607,115347.268782546,0304f903-12cc-4494-aebe-fa1cc2476077
233,E14001295,Houghton and Sunderland South, ,436069,550949,-1.43976,54.85205,69132387.3614502,44757.9357715177,600f0ce9-5f9c-4efb-b22b-bd6e5af618dc
234,E14001296,Hove and Portslade, ,526924,107167,-0.19832,50.8501,24119505.333622,22819.6883364045,20b16f22-9c7b-4c8e-acd1-c9e24fd90e78
235,E14001297,Huddersfield, ,415339,417385,-1.7694,53.65275,49093982.0613098,43525.6410751786,2622db4e-23b3-4808-a45c-04995743055a
236,E14001298,Huntingdon, ,520330,273828,-0.23481,52.34934,591063469.897476,149487.953881054,c299a2b0-6a95-4688-ae1a-e9b156f0eff3
237,E14001299,Hyndburn, ,374760,428559,-2.38425,53.75279,90236704.2594299,52640.8085760067,c97b7395-235c-414e-8dbf-d130adfa440c
238,E14001300,Ilford North, ,544432,190078,0.083602,51.59104,27248707.297287,28432.7956527219,60027ecc-17b9-410d-a30a-7be877109bc5
239,E14001301,Ilford South, ,545958,187956,0.104733,51.57158,15226679.4839401,23428.4032262872,3447e271-7d9f-4609-8cdd-0fb139222695
240,E14001302,Ipswich, ,617201,244449,1.166723,52.05584,32303640.9754333,32058.9938396292,9c373d87-3f6d-4b05-95eb-b511b530b809
241,E14001303,Isle of Wight East, ,458807,87458,-1.16894,50.6838,121334589.817755,88499.1412112906,66230c42-828e-4d49-ba70-17b81291c641
242,E14001304,Isle of Wight West, ,443052,85949,-1.39211,50.67161,270563547.780594,105030.821640017,0e540ac6-1703-4038-b2cb-66e5225b1993
243,E14001305,Islington North, ,530597,186352,-0.11737,51.56093,7381341.11165619,14398.6589968263,1bf9ad8d-8558-41ba-80ad-c586cb2e8f58
244,E14001306,Islington South and Finsbury, ,531835,183831,-0.10047,51.53799,8068590.65987396,16197.7661013644,77c02f30-f94c-4666-a4c6-2e5e485b4c0a
245,E14001307,Jarrow and Gateshead East, ,431230,562612,-1.51386,54.95718,43648355.45961,35638.3415317422,1e7d77e3-8985-49bf-b50b-51c037803668
246,E14001308,Keighley and Ilkley, ,405388,444492,-1.91949,53.89658,164531001.561066,81671.0252588907,23fe4843-5029-4f92-a7d5-4243a9aa6be1
247,E14001309,Kenilworth and Southam, ,434535,251188,-1.49658,52.1579,665007791.604309,288134.982610413,ff5bcd7b-7d5b-4e27-9592-cef5eccdafdb
248,E14001310,Kensington and Bayswater, ,525560,179903,-0.1923,51.50412,11512606.8526154,21593.5079248322,40b27967-a920-41cd-8bd5-20808d090d39
249,E14001311,Kettering, ,484392,282106,-0.76018,52.43044,258915459.480835,107338.871184969,21affa3a-8263-45e1-b710-b4e257ea1ff2
250,E14001312,Kingston and Surbiton, ,519278,166781,-0.28718,51.38754,26039488.1297379,31868.0778120055,9e2bc648-cf5d-42c2-841d-7c3693fe4864
251,E14001313,Kingston upon Hull East, ,512270,432105,-0.29795,53.77321,37734909.4765625,36701.9231169879,9d92cfd2-d1e4-4ea5-91a2-143960603f5a
252,E14001314,Kingston upon Hull North and Cottingham, ,505561,432310,-0.39964,53.77645,37268240.4943848,37501.0151510107,a5367c88-00ad-4723-903d-ab6c29572c66
253,E14001315,Kingston upon Hull West and Haltemprice, ,505465,428475,-0.4024,53.74201,43912104.7851257,35135.1661995604,30b21bcc-009f-4874-96b6-78484b06d761
254,E14001316,Kingswinford and South Staffordshire, ,384550,293632,-2.22922,52.54033,185898966.582916,105835.173009472,9c2bfb7b-040f-4191-8a73-368292075ee1
255,E14001317,Knowsley, ,343319,396253,-2.85514,53.45997,51209704.5398178,47618.0111396666,f09e9d9c-10f8-48e1-9e18-27bd5a51c8db
256,E14001318,Lancaster and Wyre, ,348996,450919,-2.77866,53.95185,448773343.426834,138536.116397423,7cd0534c-463b-406d-b9df-9bdbddd9bc8a
257,E14001319,Leeds Central and Headingley, ,426677,436783,-1.5962,53.82665,20414584.3400421,29780.3141308806,86de5a0e-fb36-4f16-83c1-ec37f1987dc0
258,E14001320,Leeds East, ,439486,433085,-1.40209,53.7926,58066053.6524506,57815.5126961119,bb6f1deb-e048-4045-8b9d-e7c55decb592
259,E14001321,Leeds North East, ,430948,438845,-1.53111,53.84494,39405204.1720276,34244.5733312477,83be2b7e-8547-443d-893b-e575f25942dc
260,E14001322,Leeds North West, ,421082,441886,-1.68085,53.87277,85551936.2194672,71580.9609981357,dca54bac-f18a-4b42-bb09-133b41e744cc
261,E14001323,Leeds South, ,430894,430978,-1.53272,53.77424,38422121.4716187,33426.5448402514,684e32fe-8bd7-47b1-a7cb-896030afc2d7
262,E14001324,Leeds South West and Morley, ,425122,428338,-1.62051,53.75082,56794114.5341492,55475.3404052884,e532c6b5-0269-4eb2-85a3-ac408215e2ef
263,E14001325,Leeds West and Pudsey, ,422947,434985,-1.653,53.81066,35179420.2731323,36847.6565529011,b91d3d19-8f3b-4ebd-82c1-5707b9a56e60
264,E14001326,Leicester East, ,461673,305742,-1.0899,52.64593,21472646.083725,23293.6076624996,5bef5056-6a28-4321-ba81-de8e0d445f58
265,E14001327,Leicester South, ,460036,302581,-1.11467,52.6177,19184421.7833405,28070.6442265806,6dac842e-d09d-4802-8c94-c4ffe05ef17d
266,E14001328,Leicester West, ,456222,306111,-1.17039,52.64984,32680048.0873337,35800.8246620355,8c95aaff-d859-4e42-ab0b-345c98198d32
267,E14001329,Leigh and Atherton, ,364705,399668,-2.53345,53.49254,53156866.7077789,51272.4026347759,272492c2-1466-45c6-b3a9-81093bb43625
268,E14001330,Lewes, ,552857,105811,0.169249,50.83165,359125605.818352,154783.688590801,ab29319f-6079-4072-b6a8-af15a4f1569d
269,E14001331,Lewisham East, ,539092,172809,-0.00024,51.43721,15866463.6260605,24961.7870448733,234e9317-dae4-4f95-8dfe-5d3bf7164db3
270,E14001332,Lewisham North, ,536527,176551,-0.03567,51.47146,12067552.3866577,23763.2209192792,213bf3b4-6b68-4f59-a8d1-d66761936669
271,E14001333,Lewisham West and East Dulwich, ,535196,173315,-0.05606,51.44269,11430835.200325,21670.1240894084,aed7c195-1300-4ea8-b3bd-03f08b8f1692
272,E14001334,Leyton and Wanstead, ,539894,188087,0.017345,51.5743,17224404.1416626,23843.9283169574,0909109b-bcf0-419d-8ef7-b5c1264ddfb5
273,E14001335,Lichfield, ,412222,317502,-1.82034,52.75501,317044138.925751,109874.809632889,7e84a43a-47b7-466b-ada7-267905f03402
274,E14001336,Lincoln, ,495467,370186,-0.57163,53.22018,63932670.937561,52347.1140411941,ed05663c-c4b0-4cea-b498-a53898876d73
275,E14001337,Liverpool Garston, ,342116,385849,-2.87134,53.36633,46420411.6140594,41411.2703194124,76f24bd6-3fb5-44b0-ab5f-f6a5d22fe8de
276,E14001338,Liverpool Riverside, ,335367,390813,-2.97377,53.41016,26608125.9676971,26383.592050039,abb7944c-e361-4600-aef6-44ed06761667
277,E14001339,Liverpool Walton, ,338234,396473,-2.93176,53.46138,25352774.3033524,29502.4143677419,6fde61bb-a20f-477e-b25b-b064bebb714e
278,E14001340,Liverpool Wavertree, ,338780,387915,-2.92187,53.38453,23563556.2408447,31021.2316364244,9e8033f5-bf34-4ed2-a4d3-4b1ae8a7ca3c
279,E14001341,Liverpool West Derby, ,340288,392580,-2.90009,53.42663,18769730.1016693,24715.6199608137,cfb57bff-e970-47eb-a3b1-55dcec01e4dd
280,E14001342,Loughborough, ,453939,319923,-1.20187,52.77423,122481769.310318,72993.584261659,2c85b4c0-8d77-44da-9a66-6e05da28341f
281,E14001343,Louth and Horncastle, ,533602,382253,0.004253,53.32037,1334928766.24895,216054.664735032,2dbdc85b-5bb6-408c-9d33-5c8b6d340b04
282,E14001344,Lowestoft, ,648544,298239,1.662589,52.5253,113049693.857086,72605.0214013204,04cba0ac-419c-403b-80eb-5feb812e63c1
283,E14001345,Luton North, ,507987,224395,-0.43161,51.90764,21923645.193718,27548.4713145325,f3256a22-2e43-4c87-9749-409eb1f32666
284,E14001346,Luton South and South Bedfordshire, ,509842,218541,-0.40652,51.85466,100689093.410599,82878.4665558656,7f0ee4e7-40aa-445d-9da4-dca0d83c0652
285,E14001347,Macclesfield, ,390591,374746,-2.14253,53.26963,301697117.744156,101885.495440164,2394db72-f662-4b03-b9c8-4bca1c02fc73
286,E14001348,Maidenhead, ,487442,178744,-0.74162,51.50088,182376774.363907,90772.8093741142,9875f297-f758-4314-a90b-abeabc86dbbc
287,E14001349,Maidstone and Malling, ,571932,156201,0.463786,51.279,51892495.975029,47926.0725769281,14f089b7-3e1c-4f1a-a293-f18a7e4420f9
288,E14001350,Makerfield, ,358387,402918,-2.6291,53.52128,56947390.0508575,58592.1308768184,bbbbe0c5-09fb-4896-a673-7b1284c5a9cb
289,E14001351,Maldon, ,585980,201772,0.688954,51.68391,443363100.514275,158915.785691872,fe766a71-71dd-4494-877a-bcc8e3a9f17a
290,E14001352,Manchester Central, ,388412,399810,-2.17613,53.49488,27567153.7728577,37381.3193690882,364b5b35-bab0-4ee5-870e-125d6071addd
291,E14001353,Manchester Rusholme, ,384713,395653,-2.23168,53.45742,14825112.5440216,19943.3212338434,f6dffefd-bdd8-413d-a05a-a6c47f79ec5b
292,E14001354,Manchester Withington, ,383432,392131,-2.25079,53.42572,18174620.4015198,27794.9430967889,fde2ce17-24d1-45fa-b19f-50bdf7479fe5
293,E14001355,Mansfield, ,455693,363914,-1.16833,53.16945,70855439.0536804,52738.9773975095,5cd9ab4f-758f-4ee9-8b59-70ac113e9a35
294,E14001356,Melksham and Devizes, ,397194,161497,-2.04167,51.35253,417569303.805836,174790.735065155,b357055a-c8ed-459e-98f9-7db15a2a8522
295,E14001357,Melton and Syston, ,474706,321143,-0.89381,52.78272,569722930.864624,160842.988884806,aff06e65-6e40-42bb-bdbf-3c9d4d7e8385
296,E14001358,Meriden and Solihull East, ,420288,280411,-1.70309,52.42133,133669945.451546,83940.8557979895,0e5a56c0-2bb1-4c72-a779-1a83d1349624
297,E14001359,Mid Bedfordshire, ,503098,235961,-0.49919,52.01252,347465950.429764,116591.269147705,71136c7d-e0d1-4221-a17f-04db722b1dfa
298,E14001360,Mid Buckinghamshire, ,472550,210648,-0.94951,51.78979,541645796.350639,222897.482522137,bf00b1d1-6879-4552-9d9e-cf67d0910e88
299,E14001361,Mid Cheshire, ,365660,368705,-2.51568,53.2143,105053947.575668,66921.4051433573,ef302606-bf79-4a02-ab1f-dbf48c3a1c20
300,E14001362,Mid Derbyshire, ,437112,341738,-1.44882,52.97173,142310194.796799,110004.124417083,4bd0acb0-625d-49d5-a418-bad7ff4ef593
301,E14001363,Mid Dorset and North Poole, ,396033,96302,-2.05761,50.76628,312343594.541981,128210.171791686,2f5203e1-e98f-472b-9447-15de0af91d31
302,E14001364,Mid Leicestershire, ,452109,309049,-1.23072,52.67666,137701424.621582,87266.3866577299,a4770b18-fa74-4a87-874f-dd26fb8d6a08
303,E14001365,Mid Norfolk, ,596334,308514,0.900213,52.63886,838981612.860367,192702.254451903,85644dbb-2d56-4765-b1a8-4c1da088a392
304,E14001366,Mid Sussex, ,529850,119269,-0.15247,50.95822,165922606.89579,90047.0347563874,5522d4f1-e405-4a36-801c-00dba999c550
305,E14001367,Middlesbrough and Thornaby East, ,449135,518477,-1.24173,54.55916,36155679.2781677,37010.5731305102,41233521-22fa-4e3f-8aa1-e5d3cee173f3
306,E14001368,Middlesbrough South and East Cleveland, ,465116,516424,-0.99511,54.53891,196964329.336914,110553.91437155,7cc4421c-529e-4f88-a307-3870a43ab2f4
307,E14001369,Milton Keynes Central, ,486814,236383,-0.73628,52.01909,65796708.8366547,48690.9804891471,25365f1b-d085-46a8-88bd-9c8c75d8aba6
308,E14001370,Milton Keynes North, ,486752,246003,-0.73474,52.10557,221359047.131744,87325.9447322821,3bb9e069-030a-490c-bfba-d2c26160f026
309,E14001371,Mitcham and Morden, ,528027,168564,-0.16087,51.40166,18682732.5272598,29731.2378281528,62d1bc4c-6387-4c42-b5d1-2885b1f13d19
310,E14001372,Morecambe and Lunesdale, ,359746,472666,-2.61777,54.14824,903851634.207504,244133.409203983,16a5889e-30f2-468c-bbbb-c10ed43f7289
311,E14001373,New Forest East, ,435182,105109,-1.50165,50.84443,414479306.13953,122431.537789516,476ddfcd-f062-4bb7-930a-7ac61829eb65
312,E14001374,New Forest West, ,418341,108090,-1.7407,50.87201,360629053.232155,156249.625355915,2b674048-0bcd-48ff-9592-aea12e57d5b2
313,E14001375,Newark, ,476382,361346,-0.85951,53.14381,774624794.311356,243472.191144612,4b7bd413-5756-4922-8e21-8643c059f195
314,E14001376,Newbury, ,441905,173263,-1.39825,51.4568,396741429.958488,123728.224407863,f2f9ae4a-f102-4f46-8e0a-82098f43c490
315,E14001377,Newcastle upon Tyne Central and West, ,420882,565739,-1.67522,54.98582,33306268.7952881,30184.5941732753,ad60d976-824d-4768-8d64-a3befb493338
316,E14001378,Newcastle upon Tyne East and Wallsend, ,429278,566123,-1.54399,54.98885,28055859.5268707,28012.221029901,226aa4e1-5753-4d6b-b59d-3edfa12c1273
317,E14001379,Newcastle upon Tyne North, ,424447,568463,-1.61929,55.01013,32331262.0721283,31823.3181648161,e9ad9078-e8c6-4623-bf2a-1a6284dc755c
318,E14001380,Newcastle-under-Lyme, ,380429,348031,-2.29326,53.02921,102737571.354187,55895.8134704229,c00d96b6-99b2-451f-a4fc-adfef4cb489c
319,E14001381,Newton Abbot, ,288933,74357,-3.56936,50.55837,201935082.125151,98719.8828557988,02a08d4c-c471-484f-bd58-2c162507b313
320,E14001382,Newton Aycliffe and Spennymoor, ,432034,530890,-1.5048,54.67207,246512097.64006,101036.896070519,8fe935f3-eeb6-4677-9d61-c604fa5d8593
321,E14001383,Normanton and Hemsworth, ,442193,416477,-1.36325,53.64312,154816954.480347,74377.401105677,9e05d971-7c22-4013-bb12-75ecb0aab2e4
322,E14001384,North Bedfordshire, ,506189,254811,-0.4483,52.18135,584859597.551292,179328.875719458,d7c38b3e-e485-4e45-87bd-213a132cf044
323,E14001385,North Cornwall, ,212024,78839,-4.65642,50.57895,1295386839.17217,362240.051444145,bbce3b29-145e-4fe2-b481-ae218f96f4d9
324,E14001386,North Cotswolds, ,400859,214079,-1.98893,51.82533,1032821954.14283,317904.963421228,304c6566-7ce0-46c6-84e2-322acb2aeaf5
325,E14001387,North Devon, ,265112,132533,-3.92688,51.07621,1104634144.1777,260176.531816381,6f0a9a40-f2a8-4675-9bc5-fcd374f72ef2
326,E14001388,North Dorset, ,391511,110749,-2.12207,50.89615,796702680.254774,236978.089738055,a120a01c-e106-445f-8748-8309e6bdeebe
327,E14001389,North Durham, ,422927,549506,-1.64455,54.83986,229750044.510284,128694.123486751,2c39fce6-6867-4e1e-82d7-c376be587063
328,E14001390,North East Cambridgeshire, ,536355,294959,0.008927,52.53545,547345632.593781,153678.411473571,8722d32d-2d46-403a-88a4-427f5132c067
329,E14001391,North East Derbyshire, ,437369,365923,-1.44219,53.18911,226322428.075882,148785.868057476,69d6a1d6-9db8-42d3-8000-c84738c5caa9
330,E14001392,North East Hampshire, ,472997,153907,-0.95478,51.27963,327340166.192028,104944.173669256,0fb9bd25-08a0-4bc6-a7a3-f4e90922e1e5
331,E14001393,North East Hertfordshire, ,533034,227734,-0.06642,51.93223,502265359.560356,160869.336592014,82b9ccba-bd81-43ba-84c7-95d947b1cbce
332,E14001394,North East Somerset and Hanham, ,362388,164194,-2.54176,51.37554,209464576.980019,138571.588468987,8530d481-cd24-4f4c-bf8c-9f49c1425315
333,E14001395,North Herefordshire, ,348792,251360,-2.74996,52.15813,1438636851.21553,354231.009893907,f34ac494-5d62-462c-9f17-29802890e3b1
334,E14001396,North Norfolk, ,623434,330857,1.315234,52.82891,796225171.074692,205784.143186555,d51508a0-9281-43e7-b656-c7ecb2c58f08
335,E14001397,North Northumberland, ,404419,619639,-1.93166,55.47056,2185684300.47345,434842.404153244,5e64f4ee-275e-44cc-ae33-9b2956cdee33
336,E14001398,North Shropshire, ,339931,330083,-2.89372,52.86487,772653925.000725,261896.939418703,80b30fd4-e57a-4fe3-9a0a-243ab386049f
337,E14001399,North Somerset, ,348757,169385,-2.73834,51.42114,198899193.207447,119935.401604083,e2184cfe-15de-48d1-8f79-1a236843367a
338,E14001400,North Warwickshire and Bedworth, ,424687,296012,-1.63725,52.5614,266501370.301758,140830.854020065,00eabe83-22f6-4577-8a3a-a0b3edd706ca
339,E14001401,North West Cambridgeshire, ,515677,295334,-0.29565,52.54359,388283846.078339,166805.981752273,414943ff-095f-4028-ac4e-a64621a08ac0
340,E14001402,North West Essex, ,559858,228077,0.323565,51.92826,621448330.804977,198968.623579221,a9575eab-5240-47f5-bedb-14c8c2819f39
341,E14001403,North West Hampshire, ,444059,153514,-1.36969,51.27907,446293876.94643,135038.295787009,331aa3d6-d337-4ce8-8da9-448caf1a5e7b
342,E14001404,North West Leicestershire, ,440279,316640,-1.40475,52.7459,236889648.672821,112270.704975895,86f16a1d-fdd4-4ced-a1aa-eaf8771f9051
343,E14001405,North West Norfolk, ,574445,329423,0.588193,52.8341,911900496.794159,250049.645761355,3e701f5a-cd60-44f4-95b3-1c297d9506c3
344,E14001406,Northampton North, ,475987,262587,-0.88818,52.25623,30864844.4601898,32551.291112515,96a3e6ad-c217-4364-963b-b201d852844e
345,E14001407,Northampton South, ,476495,258208,-0.88173,52.21679,49932393.6169662,51502.420224885,0409cec8-25bf-43c1-a75c-250fa79613a4
346,E14001408,Norwich North, ,623005,312297,1.296274,52.66252,42055931.9790344,53165.5576508989,4c07a7cf-aa39-4a91-b9c3-fd7d03d69fc8
347,E14001409,Norwich South, ,621220,308013,1.267055,52.6248,30241053.6317749,83307.3559178507,0ca23a05-1d00-4307-bd5e-c6e0564c03f3
348,E14001410,Nottingham East, ,458200,341416,-1.13489,52.96697,21677381.6119385,26705.3408759366,1ce2c6f1-6790-41c4-a764-27c1a7014fb9
349,E14001411,Nottingham North and Kimberley, ,452832,344369,-1.21433,52.99407,40028405.4633484,43935.5187222042,b282450a-be3c-444d-8ca8-fce5df0f08da
350,E14001412,Nottingham South, ,454918,338035,-1.18432,52.93693,32315249.3948517,43153.7813688176,1e617079-cdd5-4147-92cb-8940d143e921
351,E14001413,Nuneaton, ,431696,292175,-1.53423,52.52654,83013444.7655716,58950.3929742131,a4cb4526-cf63-45e0-bc3c-89881029ace3
352,E14001414,Old Bexley and Sidcup, ,547995,173624,0.128095,51.44227,26984054.4422836,29583.6315539681,5c8b1741-0ad0-4874-98a4-96ef22502909
353,E14001415,Oldham East and Saddleworth, ,398906,408181,-2.01799,53.57025,104409906.549835,58302.3491393411,2ff116c9-5829-4c97-8b99-76e25dd5909a
354,E14001416,"Oldham West, Chadderton and Royton", ,390878,405957,-2.13914,53.55018,30838812.4592285,33515.5906324816,2fdf1052-db58-49f8-b30b-d45eaf9146ba
355,E14001417,Orpington, ,546312,165205,0.100427,51.36706,67869845.4677429,50411.9332825164,16253040-89a9-48d8-83d9-ccb92d7786cf
356,E14001418,Ossett and Denby Dale, ,429637,414876,-1.55332,53.62959,140525100.137329,97355.4115383306,110ba47f-23b4-4980-8f4c-7309895f26e7
357,E14001419,Oxford East, ,453829,205066,-1.22177,51.74172,28049465.5744781,32487.4859939613,5c8bbbd8-e12d-4411-bf68-7efa25c02076
358,E14001420,Oxford West and Abingdon, ,448660,202860,-1.29694,51.72236,107597068.656639,72208.7373564817,f71891c7-9df5-472f-afb8-4cf214606830
359,E14001421,Peckham, ,534174,177128,-0.06931,51.4772,8123376.56427002,17531.8481189834,0e47084a-678e-4234-a7da-bb934160ab5e
360,E14001422,Pendle and Clitheroe, ,383729,441851,-2.24894,53.87261,236959404.700211,105850.224095918,22dff8b5-82f0-4d1e-9c41-6fb80cb7926a
361,E14001423,Penistone and Stocksbridge, ,423088,401791,-1.65331,53.51231,293792904.367096,108103.263705269,5f63bac1-a695-40a8-973e-7224ac3bf371
362,E14001424,Penrith and Solway, ,359042,535004,-2.63719,54.70838,2031979836.0387,363171.464498123,a99dda94-e4d2-4aac-a23d-c8f307dae5da
363,E14001425,Peterborough, ,524852,303751,-0.15726,52.6172,172397144.005508,64009.4545671794,ebe4e70d-3d09-464c-825b-bfbe0465cbc8
364,E14001426,Plymouth Moor View, ,248140,59378,-4.13881,50.41457,35198309.5106859,34433.1151003591,b1f0ccc0-ea9d-441c-8fb0-09105326c525
365,E14001427,Plymouth Sutton and Devonport, ,247632,55528,-4.14439,50.37984,21794667.3028593,36078.1236109845,3d63be65-856c-4ea4-8b31-4b60c037df06
366,E14001428,"Pontefract, Castleford and Knottingley", ,446977,422144,-1.29004,53.69365,73513677.0531006,59677.0184537752,849168ea-156c-474b-9253-ad6255c0d695
367,E14001429,Poole, ,403756,91000,-1.94815,50.7186,40050296.6585388,34714.023810868,a8476b77-a8ec-421a-b9a2-0e038312fbce
368,E14001430,Poplar and Limehouse, ,537748,180421,-0.01659,51.50594,10946573.6131363,22631.7734869222,ac16b8d1-3616-4db6-8da9-8b434c4eb9b7
369,E14001431,Portsmouth North, ,466076,105236,-1.06287,50.84287,43164069.0930367,40705.1967251735,0fea9238-1302-4d9c-ac39-02fe50bc423f
370,E14001432,Portsmouth South, ,465418,99876,-1.07317,50.79475,16988035.1559448,23670.0386882004,9aa8e701-26b0-4111-9725-6a543cb4f6ed
371,E14001433,Preston, ,353334,431064,-2.70954,53.77382,41036270.3560333,39221.7723578221,236a0e0c-2c66-474c-a0e8-88c6b89ba8dd
372,E14001434,Putney, ,523538,174101,-0.22344,51.45242,14138144.0891876,19396.7369646491,5db3c7b2-85c3-4e98-b01c-8f35fcaecf8b
373,E14001435,Queen's Park and Maida Vale, ,524371,182884,-0.20837,51.53117,7619981.14424133,19746.6578748852,60601f2a-a763-45b1-af7b-63f6f86fef9d
374,E14001436,Rawmarsh and Conisbrough, ,451480,396400,-1.22609,53.46185,100509879.963089,84335.3841627931,cdc4ae17-8689-4839-8504-d64c95aff343
375,E14001437,Rayleigh and Wickford, ,580545,192649,0.605717,51.60374,68720970.093071,51588.9393910834,e44161f6-6ab6-45a3-bd66-a36fc2b310c4
376,E14001438,Reading Central, ,471018,173955,-0.97915,51.46012,25754505.2201691,33351.6246190161,02b29ed7-4063-44e5-ba82-f6f097252a08
377,E14001439,Reading West and Mid Berkshire, ,457864,172341,-1.16872,51.44711,313733041.757454,114096.160469509,e0c16a23-6bce-4174-8a6c-f1595f182045
378,E14001440,Redcar, ,460199,521567,-1.07004,54.58573,82292367.4785919,66752.4143088283,568e9073-1d4c-4b76-b52c-4c473b008d67
379,E14001441,Redditch, ,400757,259145,-1.99032,52.23051,188068762.909599,126386.062008082,aad9e122-b1f6-4c20-8595-10918ace5d88
380,E14001442,Reigate, ,525148,154102,-0.20731,51.27233,87557007.5941086,57560.3578153075,2f7e431b-6336-403d-8d2c-1ddf85b45d2e
381,E14001443,Ribble Valley, ,366856,444482,-2.50584,53.89545,648911912.76152,200723.35593134,1485cde1-2455-40fb-add0-a05ee358a00b
382,E14001444,Richmond and Northallerton, ,412781,495786,-1.80484,54.35745,1902131409.49434,354884.538698739,1bf816b0-543c-4ee9-ae5d-4ae2b5e3f588
383,E14001445,Richmond Park, ,519834,173279,-0.277,51.44583,36508310.2732849,36787.7778980449,2865cd41-f6d1-4cf7-90f1-412526395158
384,E14001446,Rochdale, ,393100,415285,-2.10582,53.63405,79713646.2254639,48139.667406545,3bfd8efe-7b9b-475f-9452-41e15f9e3f4f
385,E14001447,Rochester and Strood, ,578207,175198,0.563174,51.44772,208905854.70295,88401.9893445007,6abf38ed-6415-4666-9182-3e60b2ace2e6
386,E14001448,Romford, ,551410,190669,0.184512,51.59452,29743989.5786743,31581.563048681,a3e4f3aa-72c1-42a3-9bad-bec10d178ac0
387,E14001449,Romsey and Southampton North, ,434930,130031,-1.50284,51.06854,535847113.13398,177106.170365295,89eb0f3c-26ee-4974-864a-77094ed021ee
388,E14001450,Rossendale and Darwen, ,372448,420953,-2.41863,53.68431,218212158.708984,124765.731933624,901bc33c-c726-4f53-a9ab-19862af35bb0
389,E14001451,Rother Valley, ,450722,385968,-1.23918,53.36817,159469898.118439,79090.1824215933,b8ff156f-ae82-4f52-8357-c660b3b6af30
390,E14001452,Rotherham, ,442881,390025,-1.35646,53.40532,58383594.9908447,64785.0988284129,6614e048-f5ce-40f4-9fc8-011042ea97a6
391,E14001453,Rugby, ,446260,281329,-1.32107,52.42801,244640880.231972,89353.6085651051,c8f688dd-ac3e-4424-a67e-007513cffb0e
392,E14001454,"Ruislip, Northwood and Pinner", ,508528,189995,-0.43448,51.59835,40447949.5165024,39014.2910572696,8606480c-56e5-474e-a021-32a476363c24
393,E14001455,Runcorn and Helsby, ,348875,376066,-2.7682,53.2791,203640215.596275,91671.2733964255,7a5125d2-9893-40ad-856b-3fd89724c619
394,E14001456,Runnymede and Weybridge, ,503853,164452,-0.50946,51.36964,102163292.02655,84380.2234686772,222f1dd0-4fde-449b-a70f-d4cac2b09270
395,E14001457,Rushcliffe, ,460769,331079,-1.09857,52.87378,289701845.273468,101581.827805948,381004e5-15f9-44a8-9094-52397d4b1e4e
396,E14001458,Rutland and Stamford, ,497925,312272,-0.55231,52.69929,960049420.370926,249862.521978337,35f1a772-54b9-457f-96d6-62024c0c95de
397,E14001459,Salford, ,380211,399703,-2.29974,53.49367,27744374.1495056,34049.8335326439,d60e753c-7643-473a-9c81-e437f16b5a6c
398,E14001460,Salisbury, ,405912,130547,-1.91698,51.07421,692914126.115108,184430.153338205,8411e990-3f07-453e-9b9d-fcd611e512a0
399,E14001461,Scarborough and Whitby, ,485776,506114,-0.67886,54.44321,745937079.508224,250909.683347001,5fcb16a1-3188-469b-9c6c-868e4b4259bf
400,E14001462,Scunthorpe, ,494491,402225,-0.57669,53.50825,298892772.919998,120761.01202996,f0de16dc-c35b-459e-9d01-a0ecf82e74ef
401,E14001463,Sefton Central, ,328976,406093,-3.07335,53.54666,103789658.705879,80049.5731723366,280e0af8-5a42-4eb8-b6f1-799dfd33d78f
402,E14001464,Selby, ,457620,427208,-1.12794,53.7381,507517531.488663,180955.289440982,87e9c9d2-dd9c-49a6-915e-9936de8c4ae6
403,E14001465,Sevenoaks, ,551328,160034,0.170233,51.31929,253886363.153725,94594.7881281288,cf0a2742-fa8f-476b-91e7-e2b4f6014f59
404,E14001466,Sheffield Brightside and Hillsborough, ,435434,390928,-1.46837,53.41399,28344122.1003418,28341.1509786767,36ce3719-dd19-42fe-8ebf-e019a6e514d5
405,E14001467,Sheffield Central, ,434326,386259,-1.48554,53.3721,12671597.3128052,21220.5372817474,1bbfaada-2ba6-49e0-a6cb-7a60a1498976
406,E14001468,Sheffield Hallam, ,426553,388893,-1.60214,53.39622,136429546.350677,77449.3970042509,6bc288de-9db7-4ba9-bc16-181cae8a8d57
407,E14001469,Sheffield Heeley, ,436334,384696,-1.45554,53.35791,27940163.9287109,31059.8483754909,8bd35fb9-bfce-44ab-8eba-6a90386ee5f3
408,E14001470,Sheffield South East, ,440551,386679,-1.39193,53.37543,47047102.7556763,50360.1518502016,7b890e37-ff61-4d6b-8710-31f2aa203f4f
409,E14001471,Sherwood Forest, ,460967,360000,-1.09019,53.13369,309862554.767166,139053.686876864,e5572ae3-d497-4118-bb79-84308e655159
410,E14001472,Shipley, ,412611,439633,-1.80977,53.85279,94897504.030777,82196.5017538486,a8b7456a-3021-468f-8b57-d5c24845b3c7
411,E14001473,Shrewsbury, ,341129,311462,-2.87257,52.69763,333904837.56179,139461.900516326,a2839aeb-1786-4815-a12c-3d80bfd3ff43
412,E14001474,Sittingbourne and Sheppey, ,596761,170678,0.827341,51.401,204975511.80674,83399.4264396154,485645d3-a0a0-40ff-9cd0-bee207d5a520
413,E14001475,Skipton and Ripon, ,400540,462236,-1.99324,54.05609,2032831148.50591,342350.635580051,db33e293-c7ac-43d6-ba9e-c787723f2a9b
414,E14001476,Sleaford and North Hykeham, ,502609,357854,-0.46865,53.10804,718881740.235992,165082.749181932,f99b29d2-d468-405d-85f6-b577e1bbfed6
415,E14001477,Slough, ,496534,180509,-0.61019,51.51526,24625655.087738,37264.6192170116,a9da0015-d8b1-491f-b10c-3d1e50e750a7
416,E14001478,Smethwick, ,400433,287646,-1.99504,52.48674,21790964.3234329,29892.1985146207,7a8b850a-c077-4d73-9cdf-cc0a1d0e313c
417,E14001479,Solihull West and Shirley, ,412634,278232,-1.81572,52.40197,39198129.9904938,38253.691555537,0ce8073a-de7e-4b1d-a442-4434e62f3659
418,E14001480,South Basildon and East Thurrock, ,568409,183316,0.426184,51.52365,134764036.581604,69951.9344161664,6bf21d72-2d22-481c-9472-eeb8b4ef3554
419,E14001481,South Cambridgeshire, ,545788,250998,0.128854,52.13806,588953364.876129,198193.672926765,6beb0a85-b4d8-49ab-bb5d-e885d999577c
420,E14001482,South Cotswolds, ,391889,189525,-2.1185,51.6045,838389343.44944,251304.985397994,b66c76c5-90c1-451f-85a3-0e2388cee3ec
421,E14001483,South Derbyshire, ,433551,325042,-1.50355,52.82189,290939657.292656,152022.94452682,0fd68aa0-1ab9-4953-a889-0a7328456283
422,E14001484,South Devon, ,278066,51406,-3.71523,50.34989,648586308.376095,287117.152604992,fe4eefc1-7b3f-4050-a6f4-b98699bb0968
423,E14001485,South Dorset, ,382491,85482,-2.24911,50.66872,367508641.784847,199976.893512529,c687540c-c957-4374-91c3-25fefa81e2b6
424,E14001486,South East Cornwall, ,226462,62940,-4.44531,50.44057,727226765.813465,255103.402090752,f3d64638-54c7-47b5-9897-da10b230a1e0
425,E14001487,South Holland and The Deepings, ,532912,322822,-0.03058,52.78663,845982455.272339,223197.50916153,30087789-cba3-445c-9637-d20a3c035ca1
426,E14001488,South Leicestershire, ,455897,289152,-1.17805,52.49743,331689894.852257,116486.601431048,6fc52074-49b2-41fa-9a0c-3dcd288d525d
427,E14001489,South Norfolk, ,623862,301284,1.301476,52.56332,523217178.429108,197361.17290223,b1ce2852-2a87-4e12-9e22-ee3aaefe77a6
428,E14001490,South Northamptonshire, ,464727,248230,-1.05585,52.1286,633201656.767899,217959.479973144,0bd98f30-ebc9-4628-ac5d-1b88f60b8728
429,E14001491,South Ribble, ,350309,421395,-2.75388,53.68664,141806726.248428,80101.4797349792,e912a398-ba66-411a-8ba6-8e763466865b
430,E14001492,South Shields, ,438004,563694,-1.40795,54.96643,36879563.0347443,45058.877737656,b6e29705-1c5e-4972-8456-f11bb4621ec2
431,E14001493,South Shropshire, ,355092,289840,-2.66303,52.50461,1822667066.00797,348449.87441673,19f4d8bb-6f50-4662-814b-6950e06ae492
432,E14001494,South Suffolk, ,599987,244692,0.916149,52.0645,611487639.510437,172194.881052215,e02e1793-64b7-4e0a-a0e7-43c2373a67a1
433,E14001495,South West Devon, ,258144,60188,-3.9984,50.42435,399612121.707254,177030.170462697,ebfd96ad-9897-447c-809e-6dbe0286c5ff
434,E14001496,South West Hertfordshire, ,507313,197968,-0.44957,51.67025,97152133.6858215,76274.3652316837,3df6bbfd-b309-4603-bfb3-cc6f0dcd8692
435,E14001497,South West Norfolk, ,573376,297872,0.555738,52.55109,1160848478.04123,261075.682788998,be0aba35-132c-4426-a993-c0a0f0fc757e
436,E14001498,South West Wiltshire, ,391922,145100,-2.117,51.20504,451547948.604649,142934.620788611,bc570b72-7d54-4880-b862-55b8dc77e14c
437,E14001499,Southampton Itchen, ,445456,112145,-1.35486,50.90698,25341845.3710785,28567.9152661437,e0e321e7-130c-4571-bcdb-d9070a2e6a97
438,E14001500,Southampton Test, ,440306,114131,-1.42789,50.92522,23510017.1073723,29998.8889973782,b0a5aa62-a073-42be-9476-c77ef314080c
439,E14001501,Southend East and Rochford, ,586492,190334,0.690265,51.58101,248451376.401321,225597.762156113,8cb1cfc4-67e7-4296-b127-4347e75dad6c
440,E14001502,Southend West and Leigh, ,586133,187496,0.683588,51.55564,27577895.2145157,29046.0250617243,818e5a44-a481-478d-998a-f4f3d2f67f9f
441,E14001503,Southgate and Wood Green, ,529433,196196,-0.13052,51.64967,24729256.0189743,39619.5402751556,5a362587-6d76-4843-9471-d2ab48153fb5
442,E14001504,Southport, ,339979,419859,-2.90998,53.67175,185889959.060478,83619.5977094875,eeba6976-420b-4809-b619-ae93ecd79dd8
443,E14001505,Spelthorne, ,507012,169622,-0.46254,51.41552,51171307.4148407,44178.8800418491,6bfdd430-781f-4a73-b492-cb2bf6ca236e
444,E14001506,Spen Valley, ,419827,423734,-1.7011,53.70967,62098588.8020325,52772.3964857817,4a95a12d-bb19-4332-b550-4822d641600d
445,E14001507,St Albans, ,515636,206011,-0.3266,51.74088,59692533.5629501,54053.8902015404,dbd0759d-da20-4c82-a522-c22498b3b577
446,E14001508,St Austell and Newquay, ,202249,54286,-4.78134,50.35517,298694722.856435,187028.460782568,e1afaa1e-38d2-4046-be7e-4ee4cd6eb7fc
447,E14001509,St Helens North, ,351265,398699,-2.73586,53.48275,83808268.8709564,62914.8557083283,e769b2e4-1bb3-4484-ba58-05911d1e57d7
448,E14001510,St Helens South and Whiston, ,351809,392646,-2.72673,53.4284,54919206.7349243,44854.8151767143,e6f918aa-e3cb-4023-b76b-d88cce67835e
449,E14001511,St Ives, ,141325,26415,-5.61722,50.08141,592521292.934762,498980.436657647,455783fe-fef6-4798-b3ce-3b0818a23d64
450,E14001512,St Neots and Mid Cambridgeshire, ,535294,263628,-0.01934,52.25421,349932101.547554,122735.322543694,8d021ebb-556d-4bd4-950b-4112f30c6b54
451,E14001513,Stafford, ,382011,326772,-2.26848,52.83817,416314589.621353,146305.912675211,da80306c-7e83-48e3-861c-ffc25371a3a8
452,E14001514,Staffordshire Moorlands, ,400543,353993,-1.99334,53.08317,532759271.03392,144716.585347328,9f842088-5373-4f16-aa0f-28c4279b7e16
453,E14001515,Stalybridge and Hyde, ,398013,398062,-2.0314,53.47929,63231497.3949585,44312.8974312438,683e62ef-548a-45fe-8196-212479db0b3d
454,E14001516,Stevenage, ,524283,223239,-0.19526,51.89386,63419249.6231918,63568.0068913998,5a508c67-23d4-4e1d-a496-fe5bd15e7c51
455,E14001517,Stockport, ,388749,391263,-2.17074,53.41806,25281256.9557343,28277.9996869749,1f362d16-4c1e-4651-bac5-741ab59c6ad5
456,E14001518,Stockton North, ,446317,523647,-1.28449,54.60588,91964245.8127289,67416.2455017727,5292e8f7-a749-408a-ae2d-2ea11184d53f
457,E14001519,Stockton West, ,438097,517043,-1.41259,54.54722,194383889.876587,132328.392798375,4f675c5d-86d6-4416-8ce5-d2acf41cdc52
458,E14001520,Stoke-on-Trent Central, ,389002,346433,-2.16538,53.0151,36765772.5343704,34472.7848369096,d76be3a6-c44c-4f16-b0f9-2219bafbd543
459,E14001521,Stoke-on-Trent North, ,385248,353010,-2.22164,53.07413,47916672.0097504,43195.3927679386,dd0e4690-2e80-4e92-ab4b-b678b5dd6959
460,E14001522,Stoke-on-Trent South, ,394021,338339,-2.09041,52.94242,158831021.146622,91656.1994325249,a41a7cdc-60a7-41d9-ac94-a74839abaf3f
461,E14001523,"Stone, Great Wyrley and Penkridge", ,391368,312125,-2.12918,52.70673,415019838.437431,166537.954282872,9756e9d6-893a-4f33-9406-28eb2b3957b8
462,E14001524,Stourbridge, ,391916,284844,-2.1204,52.46149,29289155.8148575,35448.0763228788,056ad8cc-215c-43fd-959a-1e7fef6f8880
463,E14001525,Stratford and Bow, ,537732,184240,-0.01533,51.54026,11291349.9438934,22845.5780485498,45d893e2-4e92-4324-9a19-96cf7607629c
464,E14001526,Stratford-on-Avon, ,415754,251537,-1.7711,52.16189,628999621.298103,208840.281230482,bce4e74b-3158-42ce-b8f0-f0a2e4350790
465,E14001527,Streatham and Croydon North, ,531264,170801,-0.11353,51.42103,13790044.5540466,22717.487646643,4ac3e76f-29df-487f-967f-78eab8f2f81f
466,E14001528,Stretford and Urmston, ,376790,394312,-2.3509,53.44507,46806085.6747284,39264.4498424361,2a129b46-f838-4678-900e-1d7888bf5571
467,E14001529,Stroud, ,376126,202190,-2.34698,51.71792,281691207.789124,124197.796323752,8528d8ef-bf91-474b-80ec-f24bf22abc38
468,E14001530,Suffolk Coastal, ,634302,246490,1.417097,52.0672,699224842.686676,225334.872499655,7655da36-8565-4cc7-97c1-117b573f03b7
469,E14001531,Sunderland Central, ,438924,556539,-1.39454,54.90207,30653450.4402924,42068.5236834565,a0bc6c2c-2399-4427-9ff3-806a464d6639
470,E14001532,Surrey Heath, ,493294,158076,-0.66277,51.31415,130470364.575294,68743.5062347834,73c1b32b-f7b5-471d-a1a4-e6483c16e7ad
471,E14001533,Sussex Weald, ,554740,124695,0.20397,51.00083,481440248.926098,175769.78139375,64a70aa5-9f54-4b43-8d07-e2fb47af7ff1
472,E14001534,Sutton and Cheam, ,524743,164094,-0.20962,51.36222,18272192.4589767,25218.613183581,77cc2b67-190a-4e57-863b-b854f501f08a
473,E14001535,Sutton Coldfield, ,412968,296625,-1.8101,52.56731,57645931.7231216,43271.7135729424,9af4805f-97f3-44df-b29c-943ade0c5206
474,E14001536,Swindon North, ,417322,190626,-1.75121,51.6142,102357938.918526,62733.2087244166,745a1ca5-67ce-4da3-a486-c3b76edeeb1c
475,E14001537,Swindon South, ,414952,183959,-1.78572,51.55432,32655801.9759979,36135.6039881807,e12d4e0a-2328-4411-af52-3f6f2952fcdb
476,E14001538,Tamworth, ,417897,306775,-1.73683,52.65842,191653409.695175,83528.441695827,b6a56d63-bb31-4af1-84b4-e4522b09f9be
477,E14001539,Tatton, ,372512,376433,-2.41375,53.28416,361819909.884033,152500.647917911,c0865a88-e64f-4a40-8cdc-4d7fb5b850bc
478,E14001540,Taunton and Wellington, ,321258,120929,-3.1231,50.98235,287751435.49424,130402.85575065,75df2164-dec3-463c-a44c-6d2eb033e54a
479,E14001541,Telford, ,369252,307888,-2.45611,52.66784,51511844.2926331,39223.7231066169,c2100b5d-4b51-4330-be0f-419931768a83
480,E14001542,Tewkesbury, ,395143,228504,-2.07207,51.95501,321784338.57618,156659.085626418,073f16b9-7301-494a-b095-4eae51498e1d
481,E14001543,The Wrekin, ,366652,317650,-2.49555,52.75543,506875379.321609,184079.509566828,970aedc2-f619-4f62-832b-a1a9ab5b108b
482,E14001544,Thirsk and Malton, ,468054,478315,-0.9584,54.1961,1986135015.18266,429934.401079711,07290529-8dfc-4d20-a59c-94535f79775c
483,E14001545,Thornbury and Yate, ,371713,183532,-2.40934,51.54996,457344811.858631,160154.193590483,494f63cb-8ee4-4a55-940f-b623a3d41e64
484,E14001546,Thurrock, ,559194,180028,0.291985,51.49678,71345555.1942215,50159.3119615884,0b5b0cb8-d044-4021-b6ec-c53eba9b6b99
485,E14001547,Tipton and Wednesbury, ,397068,293727,-2.04465,52.5414,27454639.0516357,34024.4689131153,1cd7db56-1dcb-4c82-9b4e-7ac97056ac0b
486,E14001548,Tiverton and Minehead, ,299060,127703,-3.44112,51.03978,1300576035.64647,283395.867279296,2b1fbd84-f290-4314-9bdd-58d02bece90e
487,E14001549,Tonbridge, ,563990,154079,0.349045,51.26228,302955070.751938,151491.523215283,04ada95e-75e2-47f4-b44a-3d701dbb14ce
488,E14001550,Tooting, ,527687,172670,-0.16428,51.43864,11236372.8778152,17768.6022641493,2c471461-9095-4098-b09e-97e1acdf5071
489,E14001551,Torbay, ,290880,63942,-3.53884,50.4651,92571240.0862141,56425.0396703563,06739e03-a357-419f-84b3-c93e8b8dcb5a
490,E14001552,Torridge and Tavistock, ,244317,100533,-4.20983,50.7834,1644283254.5395,464797.842909194,513647d7-e5ae-4c15-b3c1-d624c8a8ee6f
491,E14001553,Tottenham, ,533605,189904,-0.07266,51.59215,11934699.0688629,19750.8721545394,2b653bb6-983a-46d7-98a8-28c83dd84cbc
492,E14001554,Truro and Falmouth, ,179474,45337,-5.09582,50.26672,444537684.923267,243027.042887905,b823011e-b4b4-4e42-b81d-c2c4ad8501ce
493,E14001555,Tunbridge Wells, ,566712,140727,0.381826,51.14153,248038927.888794,137497.850131101,34d44640-c462-4e1e-99a3-c6f6d482fdfe
494,E14001556,Twickenham, ,514744,171266,-0.35086,51.42879,27779298.8208237,34517.3824995188,9e61d663-47de-41c7-8ff6-3ced13effbf0
495,E14001557,Tynemouth, ,434812,570698,-1.45695,55.0296,35077234.2707062,49936.1457731744,7866b276-b1da-4a3e-b06a-c2029f67d06a
496,E14001558,Uxbridge and South Ruislip, ,508655,184779,-0.43426,51.55144,40380430.0683594,40193.7418325835,77345c1a-dbc3-4a58-8950-c0ee8772f402
497,E14001559,Vauxhall and Camberwell Green, ,531362,177677,-0.10958,51.4828,7683870.34667206,15948.591746,d17d5d85-8ee1-48da-90ac-139c08fd2db0
498,E14001560,Wakefield and Rothwell, ,433973,422632,-1.48691,53.69904,60667384.9218597,52640.2844450061,5794cd99-535f-47d8-b436-4e9e5f36030a
499,E14001561,Wallasey, ,326323,391096,-3.10986,53.41152,38840134.8591156,39174.1888694173,00a7ab61-0b34-4802-8e83-da2e1ef4eb81
500,E14001562,Walsall and Bloxwich, ,400850,300117,-1.98887,52.59886,32042892.168663,30341.0527497567,d3b8af84-cac8-426e-866e-7c45b675d3c7
501,E14001563,Walthamstow, ,537215,189198,-0.02085,51.58494,16180233.2158203,20017.8413606383,4cd21261-9a78-465e-a0fd-8a7a467ad225
502,E14001564,Warrington North, ,362731,392971,-2.5624,53.43221,91281639.4200287,59420.1413454866,46dd472b-469d-4ea8-b7f2-ef083292a727
503,E14001565,Warrington South, ,362319,384778,-2.56762,53.35854,74242229.8232117,53268.5160627546,2b9c26b7-f13f-49a5-b0a0-56c80f4e05bd
504,E14001566,Warwick and Leamington, ,432411,265118,-1.5263,52.28326,89400642.748024,67535.4810400164,711e2e03-75f6-4c15-8e9d-31884e82ef2c
505,E14001567,Washington and Gateshead South, ,427841,556783,-1.56734,54.905,69793383.664032,59017.6183291648,94e66da3-cc8c-477a-9550-e20523a09df5
506,E14001568,Watford, ,510663,198280,-0.40105,51.6724,24407732.6487274,26541.3374697501,64a6fa2f-5d0f-402d-9cef-47b6658ce904
507,E14001569,Waveney Valley, ,615789,277572,1.167248,52.35373,988969010.131592,252796.380819619,de66461e-d854-423e-bb5e-fbea3fd424ac
508,E14001570,Weald of Kent, ,588072,137913,0.685368,51.10964,763095565.388947,233035.49558567,695a3a51-8908-4271-8640-673a1dadf715
509,E14001571,Wellingborough and Rushden, ,492740,268635,-0.64115,52.30802,91594195.7545547,58658.2249256873,6720c560-6d76-4c2c-945a-5ee5fb78e8c6
510,E14001572,Wells and Mendip Hills, ,347132,151708,-2.75907,51.26206,672882502.046761,193986.144960129,4b936c7d-28f2-4f71-93d9-1a94d431b673
511,E14001573,Welwyn Hatfield, ,523758,210274,-0.20751,51.77746,107934869.093315,71730.1562162024,aedbe1ca-f081-43ca-aaf4-4522f0fb651b
512,E14001574,West Bromwich, ,400511,291314,-1.99389,52.51972,35375997.9481277,49310.7437992703,e6ceaf97-a97a-44a3-9786-ee5b47b82980
513,E14001575,West Dorset, ,357891,100400,-2.59891,50.80161,1010884855.89021,265623.519057242,87215b23-d80f-4910-9368-800f121e5b85
514,E14001576,West Ham and Beckton, ,543564,182068,0.067814,51.51929,21078154.3650894,25810.7507404075,6c77d2b4-01c7-466e-930b-e418d3139e29
515,E14001577,West Lancashire, ,342047,408082,-2.87649,53.56614,262361112.316849,100960.169929705,6a2924e0-093f-4f6d-ade2-0eade6111d32
516,E14001578,West Suffolk, ,574793,265203,0.559576,52.25724,761950954.906906,241970.288735423,8def6ec2-b802-42dd-9141-0b233d3c2199
517,E14001579,West Worcestershire, ,380454,250015,-2.28706,52.14808,705327958.497437,298971.377343857,7e1f90c7-3eb6-4b10-b71f-adf485ccca67
518,E14001580,Westmorland and Lonsdale, ,353851,505255,-2.71306,54.4406,2536544004.59485,361600.289823147,e6994948-1017-4597-889d-4df3080bd2ff
519,E14001581,Weston-super-Mare, ,334885,161373,-2.93634,51.34768,73691911.5827675,49822.6712399349,ffcf8322-0a0e-4fac-9b94-e999fef56628
520,E14001582,Wetherby and Easingwold, ,446740,454025,-1.2888,53.98019,941887660.953003,264384.146686702,3006e7f1-efda-4a28-bc4f-e9136d0a1f1f
521,E14001583,Whitehaven and Workington, ,308266,510109,-3.41724,54.47802,550024835.553421,147321.012780175,b8cea2fe-256e-4f70-b854-9e37de8ca92d
522,E14001584,Widnes and Halewood, ,348553,386177,-2.77467,53.36995,70963140.8018494,48196.5332517488,6849707a-7f05-4b7d-981d-bbbcc4770eba
523,E14001585,Wigan, ,357774,408209,-2.63906,53.56879,60502282.5741119,42072.9533114333,573fc575-ee38-4223-abd2-461c3c051a94
524,E14001586,Wimbledon, ,524184,169397,-0.2158,51.41,22912303.8398819,29886.6690060426,2cc0ff83-25aa-44d6-a12c-5a751d18d311
525,E14001587,Winchester, ,453018,129648,-1.24477,51.06372,572870810.645767,153436.419572572,e59dd2df-5e0f-423c-8c2a-8be5b8af8e6b
526,E14001588,Windsor, ,497834,172353,-0.59372,51.44173,110959532.435791,78964.7051016128,d904293a-e208-4609-bb55-a4bc48cb39a1
527,E14001589,Wirral West, ,327390,383580,-3.09208,53.34412,148512457.228554,69625.277377087,36aaaf48-49b9-4943-8595-829b2eaf4721
528,E14001590,Witham, ,587425,219383,0.719323,51.84159,436989017.193062,168346.37943122,92f32784-4baf-4574-8f7e-1dc0577f89b5
529,E14001591,Witney, ,434290,201412,-1.5051,51.7104,557783567.266434,197013.535665216,ec77884c-cd68-4eee-ab7c-018b37bc0c05
530,E14001592,Woking, ,499088,157544,-0.57981,51.30839,63609296.3765945,55061.0113089611,ea3a5980-2f6f-48f6-ae41-bfdd32258f1a
531,E14001593,Wokingham, ,477342,167203,-0.88961,51.39859,138356607.826248,85725.0955531654,3e145c5b-2746-4315-ace2-0b06bfd16428
532,E14001594,Wolverhampton North East, ,394815,301509,-2.078,52.61134,27045681.2097778,29859.2628346045,ba20532a-2b3a-4523-8fe9-2fd097316df9
533,E14001595,Wolverhampton South East, ,395594,297005,-2.06643,52.57086,30731389.5447464,30114.6694951585,a32b1ea5-e687-4d11-805c-5ee64d704604
534,E14001596,Wolverhampton West, ,389258,298982,-2.15998,52.58854,30358165.6260147,34860.256296543,efae0383-4c52-4dac-8233-012d453de17f
535,E14001597,Worcester, ,385744,255190,-2.20997,52.19477,33346529.6130447,31375.0759875117,81e5a855-f5c4-494b-b284-0533e5e5e7e2
536,E14001598,Worsley and Eccles, ,371642,397143,-2.42866,53.47026,71420854.5253601,47636.5949549247,a21078c7-7246-4524-b0d9-f41a7e1e2b1b
537,E14001599,Worthing West, ,510142,106053,-0.43695,50.84352,76720769.0760651,58528.48251782,907413b0-d1b9-4fad-be2f-6cd00beda8c7
538,E14001600,Wycombe, ,479281,190191,-0.85659,51.60498,141020325.74073,83121.707927002,483e449a-e7c8-42bd-ba3f-71027c7e553b
539,E14001601,Wyre Forest, ,384106,276388,-2.23494,52.3853,195437484.7351,101048.109971316,b033b95e-84e0-4788-b99f-66e06d41a815
540,E14001602,Wythenshawe and Sale East, ,380730,389917,-2.29132,53.40573,36546313.7629852,40934.8083108098,b777d9d2-9b1b-4800-a33b-980ae2280bc2
541,E14001603,Yeovil, ,341353,111432,-2.83534,50.89936,335581153.706295,140018.142810404,76a4d4e4-ae3d-4d76-ad2c-2df0fa1054f6
542,E14001604,York Central, ,460319,451276,-1.08231,53.95408,25166133.8840485,39139.3659595372,0539cf39-2fe9-4962-9e30-0c96dc8dbcc9
543,E14001605,York Outer, ,461061,457913,-1.06968,54.01364,246854421.132904,138802.292344873,49801b9d-fcbc-4848-b682-08bd8c819669
544,N05000001,Belfast East, ,151724,529081,-5.84357,54.59517,55534403.7373352,44339.2478123271,4e3dee77-7d15-43ca-a291-147ddb524a16
545,N05000002,Belfast North, ,145171,534883,-5.94979,54.64393,54170404.1668015,40465.5402999299,5a7d6d74-166b-44e3-9f5b-7755cece9b48
546,N05000003,Belfast South and Mid Down, ,147011,521432,-5.90977,54.52425,118797968.670692,70353.8807572935,2b73d20b-75c9-412a-88f7-e4f993f21faa
547,N05000004,Belfast West, ,141609,528232,-5.999,54.58249,39147766.0117111,35985.8320344127,f4eea656-b2d0-48dd-8717-1bf38a0a9751
548,N05000005,East Antrim, ,143140,565729,-6.00849,54.91943,848165278.476051,214302.655237115,cec336ba-e4a7-46ad-bd7b-dca88134e923
549,N05000006,East Londonderry, ,87251,579631,-6.8926,55.01207,1291220892.22273,241800.465259904,b52e42d4-8c10-47fe-a958-c65ca5567508
550,N05000007,Fermanagh and South Tyrone, ,40601,510274,-7.53348,54.36026,2565776868.65338,481495.26111093,6aea6077-5127-4720-b4d2-0a5f526f7ed5
551,N05000008,Foyle, ,61711,580956,-7.29189,55.00724,121184312.386732,73545.2666093721,306952d3-47ba-440e-9098-ceee167f904a
552,N05000009,Lagan Valley, ,134819,515110,-6.09199,54.46135,543072630.966633,174726.563366185,54e673ac-f220-42b2-94ef-3948d10036cf
553,N05000010,Mid Ulster, ,96556,543818,-6.70999,54.69708,1311074358.06847,250098.62232623,9145e2c8-bafa-4909-b6ed-b2e2e1a42bec
554,N05000011,Newry and Armagh, ,101073,490606,-6.58641,54.22311,921565640.371185,205219.60731075,52afa9e8-2b19-45a8-897f-4c8fafba646b
555,N05000012,North Antrim, ,124768,589527,-6.31722,55.1229,1136872796.68604,282245.516160471,00066f84-bb37-4d41-bd70-19f0245c007d
556,N05000013,North Down, ,161795,532869,-5.6911,54.63399,118837864.705208,111051.326196488,dcaf7ad6-7624-4d98-b53b-6eef8a70253f
557,N05000014,South Antrim, ,130247,538471,-6.18376,54.66833,795299395.443607,177482.121734394,7fda4b67-6060-4af8-8a5d-46186ed48ca6
558,N05000015,South Down, ,140371,487604,-5.9826,54.21761,1121800820.2038,279220.746860771,e515d67f-b514-4b3d-ad3d-b8e854c63420
559,N05000016,Strangford, ,161562,512229,-5.678,54.44877,786550314.193054,204992.651612321,1e8c262b-00d1-492f-a0af-b5266b045b97
560,N05000017,Upper Bann, ,112441,513947,-6.43507,54.43876,381683413.254257,134942.024679039,aeb279ab-7a07-4a52-a543-d90723d4ab49
561,N05000018,West Tyrone, ,48552,546485,-7.45482,54.68977,2118985607.9203,353857.003436807,ccca8428-8558-4d6b-805e-59c590042707
562,S14000021,East Renfrewshire, ,251930,653115,-4.36058,55.74868,174247283.798935,94003.9540750037,5f49fd9a-1c1b-4982-bd8e-e5d72d822103
563,S14000027,Na h-Eileanan an Iar, ,126473,932862,-6.65722,58.19938,3273119021.93222,3682266.18682796,9345fd8f-09d7-41d9-ad1a-54df1ca5f0c0
564,S14000045,Midlothian, ,330088,659217,-3.11738,55.82111,355272032.875488,126469.546923933,77b66ee9-675b-4ed1-9750-210afdc53c4e
565,S14000048,North Ayrshire and Arran, ,195921,636366,-5.23906,55.57807,833796893.28006,323872.985905849,05d29ae2-eebf-492d-8490-f5b9d31f03fa
566,S14000051,Orkney and Shetland, ,434516,1180307,-1.37344,60.50495,2744022309.27744,3772612.21551044,7b9fc5b0-370e-4300-a901-03db87a8f4b4
567,S14000060,Aberdeen North, ,389227,811060,-2.17988,57.1902,103576997.161438,58655.02205108,89cde95a-bf21-4859-8439-d413624b3929
568,S14000061,Aberdeen South, ,385630,803154,-2.23894,57.11908,102016123.562347,75172.9943514525,7db4ed32-8ef7-4e03-8e6f-0af0e9d98b18
569,S14000062,Aberdeenshire North and Moray East, ,354840,850582,-2.75606,57.54307,1343199724.24072,408068.375639109,ba4f0f23-b1b8-4c07-b806-956643c1dde9
570,S14000063,Airdrie and Shotts, ,283330,662650,-3.86475,55.8429,238264232.337402,91335.7659747749,a3204da5-f37b-4786-8ca5-45b29219bce3
571,S14000064,Alloa and Grangemouth, ,289365,697173,-3.78265,56.15435,184806761.722183,113036.272576038,736028d6-5143-41af-81c0-58642bc20072
572,S14000065,Angus and Perthshire Glens, ,302665,757277,-3.59103,56.69702,5531867555.27512,545700.675144391,562648c4-ca26-4b0c-b65c-8fa72a163626
573,S14000066,Arbroath and Broughty Ferry, ,356476,742817,-2.71001,56.57525,421351828.687881,154646.555970006,fd4ecebe-de67-4d41-b69d-1c577e5f55c6
574,S14000067,"Argyll, Bute and South Lochaber", ,200740,715443,-5.22114,56.28944,9302132805.84089,4447977.10174864,95aeb146-3021-4676-aaf1-0a754a59b60c
575,S14000068,Bathgate and Linlithgow, ,298385,670856,-3.62753,55.92001,220827537.275055,119946.946279952,14138e08-0e28-421f-99bd-c561ed151329
576,S14000069,"Caithness, Sutherland and Easter Ross", ,247840,905010,-4.57679,58.00812,11797103176.4485,2157455.63725326,f9d27311-96f7-4d6f-a1c0-378fa6ce9167
577,S14000070,Coatbridge and Bellshill, ,271691,665826,-4.052,55.86846,68818124.5435486,60594.6902719679,32e87381-3b14-4e9a-97d0-33ca217b7f1e
578,S14000071,Cowdenbeath and Kirkcaldy, ,320590,688187,-3.27747,56.07986,153755468.739716,97638.3230017924,879eb654-c5d1-4dec-ac23-3cd66349fa0f
579,S14000072,Cumbernauld and Kirkintilloch, ,274119,675772,-4.01786,55.95841,142499023.014969,96735.3587127213,c23e2163-05c5-4c04-8d2b-515f33119f07
580,S14000073,Dumfries and Galloway, ,252740,567859,-4.30279,54.9835,4107947233.60207,633454.419204873,28b7f3ac-b0fa-4404-a60b-b1c02550918c
581,S14000074,"Dumfriesshire, Clydesdale and Tweeddale", ,305399,610683,-3.4946,55.38097,4465512212.24055,519531.850050129,86176040-958e-417b-a4c7-ef900c407ae9
582,S14000075,Dundee Central, ,337936,732098,-3.00916,56.47688,41925967.3251343,37461.9559979735,cccf58c2-7bdf-4e96-94c6-4e1ea17e8731
583,S14000076,Dunfermline and Dollar, ,302505,691896,-3.56928,56.10983,279093736.149643,119301.667418555,7e7dc035-158a-4333-a1d3-9b875ced72bb
584,S14000077,East Kilbride and Strathaven, ,267265,642476,-4.1113,55.65761,304594869.858261,119034.71201642,2ea959e4-40cd-42ae-a7db-a515c8305028
585,S14000078,Edinburgh East and Musselburgh, ,331065,672603,-3.1052,55.9415,33668261.4709625,41931.2502258294,c23a5099-1a7f-4857-b4d5-6272d04b0e09
586,S14000079,Edinburgh North and Leith, ,324350,675786,-3.21357,55.96908,20395649.7569885,29245.9189957902,bc454223-d354-4282-b74b-448fb5c7a65f
587,S14000080,Edinburgh South, ,326917,669699,-3.1708,55.9148,31113978.0173798,31808.1317342339,debad878-2898-4384-a677-0b6e883029e4
588,S14000081,Edinburgh South West, ,318314,666474,-3.30742,55.88445,89946624.6285248,60724.1713166309,739e62fc-e93e-449d-b7fe-bdd959db4b5a
589,S14000082,Edinburgh West, ,316926,673574,-3.33179,55.94798,107556645.589127,67988.617438373,8f687bb8-b590-4e08-9b35-e4aa41120a77
590,S14000083,Falkirk, ,288392,677180,-3.78996,55.97458,201926411.476181,98348.9055763068,b21f0c08-d0fe-472d-abe2-430ce04f9283
591,S14000084,Glasgow East, ,265815,663227,-4.14454,55.84353,28434449.2298431,39090.6554724372,4c8a25d6-0eaf-4681-aa98-e111ad3a1fba
592,S14000085,Glasgow North, ,257708,668952,-4.2769,55.8926,28053233.7516937,29941.8516180433,beb5a83b-5943-4638-991f-bdff36158c4a
593,S14000086,Glasgow North East, ,264978,667215,-4.15988,55.8791,39606124.1598206,35307.5563117815,f0326113-0969-4233-9d35-8d88268d3027
594,S14000087,Glasgow South, ,259278,659856,-4.2471,55.8114,26744655.3138428,36867.1589132637,2aff0b3d-9bb3-4b46-8f55-84690281b674
595,S14000088,Glasgow South West, ,254828,664559,-4.32056,55.8523,29990803.4012756,37015.9445822621,7576fc2f-4262-4628-aa97-fb89a4f7aff5
596,S14000089,Glasgow West, ,253644,668507,-4.34159,55.88738,19106298.7696838,24976.040798957,e743573a-2aef-4b87-ad3f-a2361be9bf5f
597,S14000090,Glenrothes and Mid Fife, ,328368,698666,-3.15535,56.17522,174001052.803116,99063.6900637771,d06ca65b-0c98-4a11-80fe-884735df56bc
598,S14000091,Gordon and Buchan, ,373602,833557,-2.44081,57.39164,2079535292.73807,309079.038232957,57949b20-c347-499b-b144-0f5ab136608c
599,S14000092,Hamilton and Clyde Valley, ,279136,643900,-3.92337,55.6735,257457533.187439,127305.227380654,71887ed8-68a3-4e10-855f-aed537aa04d6
600,S14000093,Inverclyde and Renfrewshire West, ,227889,670663,-4.75425,55.89822,207808118.803558,87164.3796905592,106a819d-7231-4b79-a46f-434c638e765c
601,S14000094,"Inverness, Skye and West Ross-shire", ,236932,826712,-4.70826,57.30176,9688364959.40469,2442442.31297083,e98ac4c0-e9c6-4fc4-8923-06e4badebadd
602,S14000095,Livingston, ,306817,664330,-3.49041,55.8631,243977353.00853,106160.572198604,ded555af-8d78-4686-bb64-9f9b16046a0d
603,S14000096,Lothian East, ,356100,672351,-2.7044,55.94218,689793518.589996,194474.785793129,bb5b02af-f436-48cc-bf5d-7da66ef1d0d2
604,S14000097,Mid Dunbartonshire, ,259241,677078,-4.25665,55.966,153725761.763596,91149.0981630159,61a8a2da-7aed-498b-ad2e-54f5bae0441d
605,S14000098,"Moray West, Nairn and Strathspey", ,291537,822903,-3.80089,57.28381,4747659219.60951,561725.686386007,c8abffb8-2e9a-49d1-9366-3675fd79576b
606,S14000099,"Motherwell, Wishaw and Carluke", ,289811,652786,-3.75731,55.75584,214596204.007401,107530.315185056,951ad9b9-c3d8-46be-a144-5e5cfec1c3f2
607,S14000100,North East Fife, ,338928,714311,-2.98891,56.31723,824445009.605942,242489.198550768,d3b7803b-fefd-4b21-9115-acbf0b2dd48e
608,S14000101,Paisley and Renfrewshire North, ,245864,668396,-4.46579,55.88396,89326648.5855865,61252.3843576086,c2662277-affd-4790-ae6e-b23f04a2c1e8
609,S14000102,Paisley and Renfrewshire South, ,239912,661211,-4.5566,55.81753,149506606.257935,93443.9625184407,2e8eb308-b07e-4f79-b55e-ad4f6a519b51
610,S14000103,Perth and Kinross-shire, ,278883,715707,-3.95977,56.31822,1450795420.27974,338478.773796636,c870a8b8-f122-40f8-b7eb-9f35bfd097ce
611,S14000104,Rutherglen, ,266436,659876,-4.13298,55.81361,41467062.6684875,45670.7942828972,441559c3-6751-4664-a1a8-1b9c3ca91a8e
612,S14000105,Stirling and Strathallan, ,266602,709079,-4.15482,56.25541,2492090888.45152,385597.573246938,a3982b15-015e-4e5e-bc95-8d2e2feb01cc
613,S14000106,West Dunbartonshire, ,243096,681433,-4.51758,56.00009,183411279.851044,85558.309265581,a81c3487-3e9a-4dff-9b3e-5f34828510d0
614,S14000107,"Ayr, Carrick and Cumnock", ,238951,603944,-4.53853,55.30317,1635963043.84376,330438.46432507,a59f7705-5c14-4d8b-89d4-b58c2bac4f96
615,S14000108,"Berwickshire, Roxburgh and Selkirk", ,356138,624491,-2.6961,55.5122,3841931895.40756,480878.883319884,9aa99e4c-79cf-449a-91b0-4af19affa958
616,S14000109,Central Ayrshire, ,238950,628173,-4.55254,55.52066,237376672.168716,128638.970533886,26b956d7-297f-4f17-a65a-3edc50a30102
617,S14000110,Kilmarnock and Loudoun, ,255398,633167,-4.29487,55.57064,701840591.875122,217651.820222314,ef47f95c-7cb6-41a6-a3c6-94034c11b6bf
618,S14000111,West Aberdeenshire and Kincardine, ,342584,792624,-2.9473,57.02113,3275646031.55489,510193.936275451,1d5bbe68-a068-4046-bf1e-5f81a373947e
619,W07000081,Aberafan Maesteg,Aberafan Maesteg,281995,189550,-3.70491,51.5924,249297064.920361,97330.6017677254,6e0b53a4-240f-4cd8-8476-184b58eb7a7e
620,W07000082,Alyn and Deeside,Alun a Glannau Dyfrdwy,332347,365301,-3.01375,53.1805,206027307.904778,110555.272967252,5440b6eb-b2e0-4376-a3cd-9c1e0d85f08f
621,W07000083,Bangor Aberconwy,Bangor Aberconwy,285758,362572,-3.70962,53.14801,1435651337.96516,264403.571794548,25b5d53c-4ade-430c-bb67-5adabd1b901b
622,W07000084,Blaenau Gwent and Rhymney,Blaenau Gwent a Rhymni,312653,206245,-3.26665,51.74807,166721719.962509,81977.8598618408,ddab70e4-12b4-43cb-aa89-b4dba8f9d791
623,W07000085,"Brecon, Radnor and Cwm Tawe","Aberhonddu, Maesyfed a Chwm-tawe",300889,246522,-3.44861,52.10812,3098231909.87624,403669.212849115,830db168-5d1f-4bd1-a68a-f9bfd6428fb9
624,W07000086,Bridgend,Pen-y-bont,291030,181514,-3.57204,51.52199,123577081.385925,70222.4238535628,8f1b8f89-7d12-4247-b35d-ae463de408f4
625,W07000087,Caerfyrddin,Caerfyrddin,250837,228760,-4.17124,51.9373,2040711507.15532,338595.964418831,c8f6bedd-c658-4cf7-987c-102a22ecf61e
626,W07000088,Caerphilly,Caerffili,315843,191594,-3.21691,51.61685,140547195.458267,70090.1266098574,3c88fa84-e148-45ac-ada6-0d0ac9db8664
627,W07000089,Cardiff East,Dwyrain Caerdydd,322018,179718,-3.1251,51.51098,32883451.1275864,35458.8952126766,84a6359b-fe28-4ec7-9b6a-454394edf6fb
628,W07000090,Cardiff North,Gogledd Caerdydd,318603,182294,-3.1749,51.53366,49459979.1527328,48805.5048455033,2905e8cd-dd2f-47c7-ae74-b6de46eeec60
629,W07000091,Cardiff South and Penarth,De Caerdydd a Phenarth,317325,171684,-3.19083,51.43809,60433134.1168137,60199.7638456219,8e87ca0e-dbd4-4a4d-adf7-23a87690fd39
630,W07000092,Cardiff West,Gorllewin Caerdydd,311064,179555,-3.28287,51.5079,62874309.0221901,54619.659830465,8fc02dd2-123c-4dcc-8943-e759cdc604c6
631,W07000093,Ceredigion Preseli,Ceredigion Preseli,258114,257775,-4.07753,52.1999,2468450668.82757,578533.410569899,647b3a93-e227-4dd2-a881-d11c60075b22
632,W07000094,Clwyd East,Dwyrain Clwyd,316706,362272,-3.24694,53.15106,677862763.24041,220591.995637839,d36035ed-4bfa-43ce-a806-56526c916a57
633,W07000095,Clwyd North,Gogledd Clwyd,301609,373008,-3.47592,53.24495,170929080.315674,110671.528118031,b42c117e-0bf8-491e-a922-b2e43637424a
634,W07000096,Dwyfor Meirionnydd,Dwyfor Meirionnydd,281716,332046,-3.75884,52.87285,2620468943.55965,489339.209917846,83fcac9e-a79f-479c-91e9-25577dac615e
635,W07000097,Gower,Gŵyr,255131,191631,-4.09333,51.60483,344690160.228466,172241.437571541,80f56c17-af33-40f4-817b-0c7da11ed7c5
636,W07000098,Llanelli,Llanelli,248545,207672,-4.19532,51.74722,398795573.642197,148044.084292412,082db876-abdf-4e4f-af3b-8baeffb865ff
637,W07000099,Merthyr Tydfil and Aberdare,Merthyr Tudful ac Aberdâre,300180,205457,-3.44704,51.7389,245244935.262123,91975.1250817518,3d0b5a72-be8c-4ec6-b07b-2f108de52fd5
638,W07000100,Mid and South Pembrokeshire,Canol a De Sir Benfro,209904,212239,-4.75693,51.77646,989297931.900263,478331.4375987,3a785e9e-42ce-4639-bb31-8f16ceb180ce
639,W07000101,Monmouthshire,Sir Fynwy,337812,209231,-2.9028,51.77827,886024165.253761,250881.355616589,c9a78cd0-659c-48e7-a266-f56b135d89de
640,W07000102,Montgomeryshire and Glyndwr,Maldwyn a Glyndŵr,302272,304966,-3.44547,52.63363,2386929419.8116,406236.744786715,a2ec43bb-7045-43cf-a047-12e7423a0fa2
641,W07000103,Neath and Swansea East,Castell-nedd a Dwyrain Abertawe,277554,201321,-3.77311,51.69724,220131854.048889,99741.4290705349,dfcd5cdc-7bc3-4cf0-bdc8-d0b4428b1ca0
642,W07000104,Newport East,Dwyrain Casnewydd,337897,187432,-2.89769,51.58231,142269589.014801,112290.004415776,ee6ceab8-d48c-4335-bf33-335763c98239
643,W07000105,Newport West and Islwyn,Gorllewin Casnewydd ac Islwyn,323528,194099,-3.10648,51.64047,154102752.80962,104972.26343991,72a8c8a7-b72e-4875-8f57-08d2cb42de11
644,W07000106,Pontypridd,Pontypridd,304326,197341,-3.38478,51.66667,141744382.204399,95756.3763692412,fd55c802-7347-4007-8ee1-d456b6c919f9
645,W07000107,Rhondda and Ogmore,Rhondda ac Ogwr,296040,193848,-3.50351,51.6338,199830085.769562,73612.5445278059,232812d6-50b2-4462-9512-88f33eeeac1b
646,W07000108,Swansea West,Gorllewin Abertawe,264670,195124,-3.95702,51.63859,35142714.3344116,43299.6709079506,d4c06af3-2fb2-4913-a656-32e81b38e90d
647,W07000109,Torfaen,Torfaen,327459,200480,-3.05101,51.69836,126240978.599606,82554.3360612146,77499fd3-bd6f-46e9-8c56-acf8d7738414
648,W07000110,Vale of Glamorgan,Bro Morgannwg,301298,173080,-3.42173,51.44807,302228588.134846,91748.0090767483,e406b921-3464-41b6-af46-ab73a18ac7a5
649,W07000111,Wrexham,Wrecsam,337298,348629,-2.93642,53.03126,293011171.679749,132818.319107432,b1f1135b-58a5-4a29-92a7-13da2af88295
650,W07000112,Ynys Môn,Ynys Môn,245217,378331,-4.32298,53.27931,747225452.033783,288740.499742152,d1b4fbe3-8693-4faa-bace-29e4633f0d4b
